Workbook

Sheet datos_limpios
A1: fecha_hora_cest | B1: marca_temp_CEST | C1: id_comercio | D1: link | E1: sector_bm | F1: Calle | G1: Altura | H1: direccion | I1: ID_direcciones | J1: Rubro | K1: leche | L1: harina | M1: azucar | N1: arroz | O1: papa | P1: fiambre/jc | Q1: carne pic | R1: ¿Cuáles son los principales factores que encarecen los productos que vendés? | S1: Inquilino/ Propietario | T1: Alquiler | U1: Dificultades para abastecerse, otros comentarios | V1: cadena | W1: relevado | X1: tanda | Y1: geometry | Z1: numero real
A2: 45818.953 | B2: 0.95277778 | C2: csp_0001 | D2: https://maps.google.com/maps?q=-34.59994888305664%2C-58.37699508666992&z=17&hl=es | J2: Supermercado Carrefour Express | K2: 1485 | L2: 749 | M2: 1050 | N2: 1690 | O2: 1490 | P2: 1790 | V2: si | W2: si | X2: 1 | Y2: POINT(-58.376946823984355 -34.599772246759564)
A3: 45818.955 | B3: 0.95486111 | C3: csp_0002 | D3: https://maps.google.com/maps?q=-34.59996032714844%2C-58.37679672241211&z=17&hl=es | J3: Carniceria RES | Q3: 5450 | V3: si | W3: si | X3: 1 | Y3: POINT(-58.37675915281983 -34.599783646783784)
A4: 45818.956 | B4: 0.95625 | C4: csp_0003 | D4: https://maps.google.com/maps?q=-34.599769592285156%2C-58.376834869384766&z=17&hl=es | J4: Almacen | N4: 1800 | O4: 750 | P4: 1500 | V4: no | W4: si | X4: 1 | Y4: POINT(-58.376872454668245 -34.59954878967517)
A5: 45818.958 | B5: 0.95833333 | C5: csp_0004 | D5: https://maps.google.com/maps?q=-34.598236083984375%2C-58.376956939697266&z=17&hl=es | J5: Almacen Chino | K5: 1300 | L5: 800 | M5: 900 | N5: 1400 | P5: 1200 | V5: no | W5: si | X5: 1 | Y5: POINT(-58.37690862398452 -34.59804178011319)
A6: 45818.96 | B6: 0.96041667 | C6: csp_0005 | D6: https://maps.google.com/maps?q=-34.59791946411133%2C-58.37689971923828&z=17&hl=es | J6: Carniceria Fiambreria | P6: 1950 | V6: si | W6: si | X6: 1 | Y6: POINT(-58.37691579699724 -34.597707516297156)
A7: 45818.961 | B7: 0.96111111 | C7: csp_0006 | D7: https://maps.google.com/maps?q=-34.59733581542969%2C-58.37691879272461&z=17&hl=es | J7: Supermercado Carrefour Express | K7: 1290 | L7: 749 | M7: 949 | N7: 1400 | O7: 1490 | P7: 1790 | V7: si | W7: si | X7: 1 | Y7: POINT(-58.37692416816192 -34.59711498320661)
A8: 45818.966 | B8: 0.96597222 | C8: csp_0007 | D8: https://maps.google.com/maps?q=-34.596309661865234%2C-58.37836837768555&z=17&hl=es | J8: Carniceria RES | Q8: 5450 | V8: si | W8: si | X8: 1 | Y8: POINT(-58.37833085282006 -34.59612420731531)
A9: 45818.967 | B9: 0.96666667 | C9: csp_0008 | D9: https://maps.google.com/maps?q=-34.59626770019531%2C-58.37843322753906&z=17&hl=es | J9: Almacen | K9: 2400 | L9: 1300 | M9: 1600 | N9: 2400 | P9: 1700 | V9: no | W9: si | X9: 1 | Y9: POINT(-58.37836346631361 -34.59609103893263)
A10: 45818.968 | B10: 0.96805556 | C10: csp_0009 | D10: https://maps.google.com/maps?q=-34.59589767456055%2C-58.37848663330078&z=17&hl=es | J10: Supermercado Carrefour Express | K10: 1290 | L10: 749 | M10: 899 | N10: 1290 | O10: 1490 | P10: 1785 | V10: si | W10: si | X10: 1 | Y10: POINT(-58.37839540864261 -34.59571220639564)
A11: 45818.974 | B11: 0.97430556 | C11: csp_0010 | D11: https://maps.google.com/maps?q=-34.5966682434082%2C-58.37837600708008&z=17&hl=es | J11: Almacen Chino | K11: 1800 | L11: 1500 | M11: 1300 | N11: 1000 | P11: 1000 | V11: no | W11: si | X11: 1 | Y11: POINT(-58.378327723984455 -34.596403223057045)
A12: 45818.976 | B12: 0.97638889 | C12: csp_0011 | D12: https://maps.google.com/maps?q=-34.59672546386719%2C-58.37849044799805&z=17&hl=es | J12: Verduleria | O12: 1000 | V12: no | W12: si | X12: 1 | Y12: POINT(-58.37844212398452 -34.59655767156747)
A13: 45818.978 | B13: 0.97777778 | C13: csp_0012 | D13: https://www.google.com/maps/place/34%C2%B035'50.5%22S+58%C2%B022'44.1%22W/@-34.5975982,-58.3788232,21z/data=!4m4!3m3!8m2!3d-34.5973587!4d-58.3789177?hl=es&entry=ttu&g_ep=EgoyMDI2MDMxMS4wIKXMDSoASAFQAw%3D%3D | J13: Almacen | L13: 1800 | M13: 2000 | P13: 1300 | V13: no | W13: si | X13: 1 | Y13: POINT(-58.37869881477214 -34.5976081096709)
A14: 45818.978 | B14: 0.97847222 | C14: csp_0013 | D14: https://maps.google.com/maps?q=-34.59750747680664%2C-58.3781852722168&z=17&hl=es | J14: Supermercado Dia | K14: 1740 | L14: 790 | M14: 990 | N14: 1190 | P14: 2410 | V14: si | W14: si | X14: 1 | Y14: POINT(-58.378201396997426 -34.597295515245946)
A15: 45818.981 | B15: 0.98125 | C15: csp_0014 | D15: https://maps.google.com/maps?q=-34.59797668457031%2C-58.378299713134766&z=17&hl=es | J15: Almacen | N15: 1800 | O15: 1000 | V15: no | W15: si | X15: 1 | Y15: POINT(-58.378272881655505 -34.59776471644315)
A16: 45818.983 | B16: 0.98263889 | C16: csp_0015 | D16: https://maps.google.com/maps?q=-34.598628997802734%2C-58.37840270996094&z=17&hl=es | J16: Supermercado Carrefour Express | K16: 1290 | L16: 749 | M16: 899 | N16: 1290 | O16: 1490 | P16: 1785 | V16: si | W16: si | X16: 1 | Y16: POINT(-58.3784617123392 -34.59848766978374)
A17: 45818.986 | B17: 0.98611111 | C17: csp_0016 | D17: https://maps.google.com/maps?q=-34.60411071777344%2C-58.3782844543457&z=17&hl=es | J17: Almacen | K17: 1900 | L17: 1300 | M17: 1400 | N17: 2600 | P17: 1035 | V17: no | W17: si | X17: 1 | Y17: POINT(-58.37825768165517 -34.603881070332164)
A18: 45818.99 | B18: 0.99027778 | C18: csp_0017 | D18: https://maps.google.com/maps?q=-34.60270690917969%2C-58.37809371948242&z=17&hl=es | J18: Fiambreria | N18: 2200 | O18: 900 | P18: 1742 | V18: no | W18: si | X18: 1 | Y18: POINT(-58.37807761049078 -34.60250375954193)
A19: 45818.991 | B19: 0.99097222 | C19: csp_0018 | D19: https://maps.google.com/maps?q=-34.60324478149414%2C-58.3781623840332&z=17&hl=es | J19: Supermercado Carrefour Express | K19: 1290 | L19: 749 | M19: 899 | N19: 1290 | O19: 1490 | P19: 1785 | V19: si | W19: si | X19: 1 | Y19: POINT(-58.378135581655215 -34.60302399891231)
A20: 45818.997 | B20: 0.99652778 | C20: csp_0019 | D20: https://maps.google.com/maps?q=-34.601531982421875%2C-58.37953186035156&z=17&hl=es | J20: Almacen Chino | K20: 1700 | L20: 900 | M20: 1300 | N20: 1200 | O20: 1000 | P20: 1600 | Q20: 8600 | V20: no | W20: si | X20: 1 | Y20: POINT(-58.379472895148915 -34.60132885666888)
A21: 45818.999 | B21: 0.99930556 | C21: csp_0020 | D21: https://maps.google.com/maps?q=-34.599891662597656%2C-58.37984848022461&z=17&hl=es | J21: Verduleria | O21: 1000 | V21: no | W21: si | X21: 1 | Y21: POINT(-58.37983241049086 -34.599679721329295)
A22: 45819 | B22: 0 | C22: csp_0021 | D22: https://maps.google.com/maps?q=-34.599876403808594%2C-58.379634857177734&z=17&hl=es | J22: Supermercado Dia | K22: 1390 | L22: 790 | M22: 990 | N22: 1600 | P22: 2145 | V22: si | W22: si | X22: 1 | Y22: POINT(-58.379683183503644 -34.599664421290306)
A23: 45819.003 | B23: 0.0027777778 | C23: csp_0022 | D23: https://maps.google.com/maps?q=-34.59871292114258%2C-58.37973403930664&z=17&hl=es | J23: Almacen | M23: 1500 | N23: 1800 | V23: no | W23: si | X23: 1 | Y23: POINT(-58.37975009699739 -34.59856273847909)
A24: 45819.003 | B24: 0.0034722222 | C24: csp_0023 | D24: https://maps.google.com/maps?q=-34.5986896%2C-58.3797565&z=17&hl=es | J24: Verduleria | O24: 800 | V24: no | W24: si | X24: 1 | Y24: POINT(-58.379740410490925 -34.59846878680459)
A25: 45819.005 | B25: 0.0048611111 | C25: csp_0024 | D25: https://maps.google.com/maps?q=-34.598295%2C-58.3797894&z=17&hl=es | J25: Almacen | L25: 2500 | N25: 2000 | V25: no | W25: si | X25: 1 | Y25: POINT(-58.379773310490876 -34.59810951174743)
A26: 45819.006 | B26: 0.0055555556 | C26: csp_0025 | D26: https://maps.google.com/maps?q=-34.5980989%2C-58.3797356&z=17&hl=es | J26: Almacen | M26: 1100 | N26: 1800 | O26: 700 | P26: 1200 | Q26: 14500 | V26: no | W26: si | X26: 1 | Y26: POINT(-58.3797624258329 -34.59795756888206)
A27: 45819.009 | B27: 0.0090277778 | C27: csp_0026 | D27: https://maps.google.com/maps?q=-34.5971262%2C-58.3798431&z=17&hl=es | J27: Almacen Chino | L27: 1500 | M27: 1700 | N27: 2000 | O27: 1200 | P27: 1500 | Q27: 900 | V27: no | W27: si | X27: 1 | Y27: POINT(-58.379805552819946 -34.59694954075799)
A28: 45820.735 | B28: 0.73541667 | C28: csp_0027 | D28: https://maps.google.com/maps?q=-34.59231185913086%2C-58.37621307373047&z=17&hl=es | J28: Almacen Chino | K28: 1600 | L28: 1000 | M28: 1500 | N28: 1800 | O28: 1000 | P28: 2300 | V28: no | W28: si | X28: 1 | Y28: POINT(-58.376207739326574 -34.592117566258686)
A29: 45820.746 | B29: 0.74583333 | C29: csp_0028 | D29: https://maps.google.com/maps?q=-34.58771896362305%2C-58.38430404663086&z=17&hl=es | J29: Almacen Chino | K29: 1400 | L29: 2000 | M29: 2000 | N29: 4000 | P29: 2136 | V29: no | W29: si | X29: 1 | Y29: POINT(-58.384298639326836 -34.587533488139755)
A30: 45820.751 | B30: 0.75069444 | C30: csp_0029 | D30: https://maps.google.com/maps?q=-34.586002349853516%2C-58.387351989746094&z=17&hl=es | J30: Verduleria | O30: 1333 | V30: no | W30: si | X30: 1 | Y30: POINT(-58.38738955466894 -34.58580795150509)
A31: 45820.751 | B31: 0.75138889 | C31: csp_0030 | D31: https://maps.google.com/maps?q=-34.585933685302734%2C-58.387969970703125&z=17&hl=es | J31: Supermercado Carrefour Express | K31: 1290 | L31: 749 | M31: 949 | N31: 1290 | O31: 1400 | P31: 1788 | Q31: 9350 | V31: si | W31: si | X31: 1 | Y31: POINT(-58.38795391049146 -34.585721685720785)
A32: 45820.76 | B32: 0.75972222 | C32: csp_0031 | D32: https://maps.google.com/maps?q=-34.5875244140625%2C-58.38737106323242&z=17&hl=es | J32: Kiosco Mini Market | K32: 2100 | L32: 1200 | M32: 2000 | N32: 5200 | U32: (U marca de cada producto, y pocos ejemplares por producto. muy poco provisto) | V32: no | W32: si | X32: 1 | Y32: POINT(-58.38743011233964 -34.58733888770553)
A33: 45820.77 | B33: 0.77013889 | C33: csp_0032 | D33: https://www.google.com/maps/@-34.5917245,-58.3792782,21z?hl=es&entry=ttu&g_ep=EgoyMDI2MDMxMS4wIKXMDSoASAFQAw%3D%3D | J33: Almacen | K33: 1485 | L33: 940 | M33: 949 | N33: 1400 | O33: 1400 | P33: 1288 | V33: no | W33: si | X33: 1 | Y33: POINT(-58.37935967209949 -34.59165991469645)
A34: 45820.774 | B34: 0.77361111 | C34: csp_0033 | D34: https://maps.google.com/maps?q=-34.59185791015625%2C-58.378448486328125&z=17&hl=es | J34: Supermercado Disco | K34: 1290 | L34: 870 | M34: 1080 | N34: 1050 | O34: 1629 | P34: 1845 | Q34: 5315 | V34: si | W34: si | X34: 1 | Y34: POINT(-58.3784753258331 -34.59167239737799)
A35: 45820.781 | B35: 0.78125 | C35: csp_0034 | D35: https://www.google.com/maps/@-34.5928267,-58.3763974,21z?hl=es&entry=ttu&g_ep=EgoyMDI2MDMxMS4wIKXMDSoASAFQAw%3D%3D | J35: Almacen | L35: 1000 | N35: 1400 | O35: 1500 | V35: no | W35: si | X35: 1 | Y35: POINT(-58.376197216356985 -34.5928172847864)
A36: 45820.787 | B36: 0.78680556 | C36: csp_0035 | D36: https://www.google.com/maps/@-34.5940337,-58.3793313,21z?hl=es&entry=ttu&g_ep=EgoyMDI2MDMxMS4wIKXMDSoASAFQAw%3D%3D | J36: Supermercado Jumbo | K36: 1950 | L36: 870 | M36: 1080 | N36: 1550 | O36: 969 | P36: 139 | Q36: 8855 | V36: si | W36: si | X36: 1 | Y36: POINT(-58.37937322983343 -34.5941396898721)
A37: 45820.792 | B37: 0.79236111 | C37: csp_0036 | D37: https://www.google.com/maps?q=-34.594242095947266,-58.38105392456055&z=17&hl=es | J37: Supermercado Carrefour Express | K37: 1290 | L37: 749 | M37: 949 | N37: 1290 | O37: 1590 | P37: 1788 | V37: si | W37: si | X37: 1 | Y37: POINT(-58.38104853932667 -34.59403893884416)
A38: 45820.795 | B38: 0.79513889 | C38: csp_0037 | D38: https://www.google.com/maps?q=-34.5941162109375,-58.37980270385742&z=17&hl=es | J38: Verduleria | O38: 1000 | V38: no | W38: si | X38: 1 | Y38: POINT(-58.37982952583306 -34.59393953435863)
A39: 45820.796 | B39: 0.79583333 | C39: csp_0038 | D39: https://www.google.com/maps?q=-34.59412384033203,-58.37968444824219&z=17&hl=es | J39: Carniceria RES | Q39: 545 | V39: si | W39: si | X39: 1 | Y39: POINT(-58.37971122583305 -34.59394713437477)
A40: 45820.797 | B40: 0.79722222 | C40: csp_0039 | D40: https://www.google.com/maps?q=-34.594486236572266,-58.381168365478516&z=17&hl=es | J40: Fiambreria | L40: 1400 | M40: 1200 | P40: 1500 | V40: no | W40: si | X40: 1 | Y40: POINT(-58.381227412339314 -34.59430070324479)
A41: 45820.806 | B41: 0.80625 | C41: csp_0040 | D41: https://www.google.com/maps?q=-34.595272064208984,-58.39004898071289&z=17&hl=es | J41: Verduleria | O41: 1000 | V41: no | W41: si | X41: 1 | Y41: POINT(-58.39003291049102 -34.595077773181245)
A42: 45820.814 | B42: 0.81388889 | C42: csp_0041 | D42: https://www.google.com/maps?q=-34.595726013183594,-58.39558029174805&z=17&hl=es | J42: Supermercado Carrefour Market | K42: 1290 | L42: 890 | M42: 899 | N42: 1280 | O42: 600 | P42: 1278 | Q42: 13500 | V42: si | W42: si | X42: 1 | Y42: POINT(-58.395639312339405 -34.595505178928306)
A43: 45820.822 | B43: 0.82152778 | C43: csp_0042 | D43: https://www.google.com/maps?q=-34.59343338012695,-58.39544677734375&z=17&hl=es | J43: Verduleria | O43: 750 | V43: no | W43: si | X43: 1 | Y43: POINT(-58.395484354668504 -34.59323906888116)
A44: 45820.822 | B44: 0.82222222 | C44: csp_0043 | D44: https://www.google.com/maps/@-34.5934683,-58.3950078,21z?hl=es&entry=ttu&g_ep=EgoyMDI2MDMxMS4wIKXMDSoASAFQAw%3D%3D | J44: Almacen Chino | K44: 1600 | L44: 900 | M44: 1300 | N44: 1600 | O44: 1000 | P44: 1600 | V44: no | W44: si | X44: 1 | Y44: POINT( -58.39491161951106 -34.593480469021166)
A45: 45820.826 | B45: 0.82638889 | C45: csp_0044 | D45: https://www.google.com/maps/@-34.5940444,-58.3920163,21z?hl=es&entry=ttu&g_ep=EgoyMDI2MDMxMS4wIKXMDSoASAFQAw%3D%3D | J45: Verduleria | O45: 700 | V45: no | W45: si | X45: 1 | Y45: POINT(-58.39206286569123 -34.59404104867657)
A46: 45820.828 | B46: 0.82777778 | C46: csp_0045 | D46: https://www.google.com/maps?q=-34.594173431396484,-58.390567779541016&z=17&hl=es | J46: Verduleria | O46: 700 | V46: no | W46: si | X46: 1 | Y46: POINT(-58.39057316816209 -34.5940408941348)
A47: 45820.847 | B47: 0.84652778 | C47: csp_0046 | D47: https://www.google.com/maps/@-34.5927433,-58.3859499,21z?hl=es&entry=ttu&g_ep=EgoyMDI2MDMxMS4wIKXMDSoASAFQAw%3D%3D | J47: Verduleria | O47: 900 | V47: no | W47: si | X47: 1 | Y47: POINT(-58.3858986436714 -34.59276756045055)
A48: 45820.849 | B48: 0.84930556 | C48: csp_0047 | D48: https://www.google.com/maps/@-34.5928081,-58.383655,21z?hl=es&entry=ttu&g_ep=EgoyMDI2MDMxMS4wIKXMDSoASAFQAw%3D%3D | J48: Verduleria | O48: 1500 | V48: no | W48: si | X48: 1 | Y48: POINT(-58.383572137063965 -34.59277833763642)
A49: 45820.853 | B49: 0.85277778 | C49: csp_0048 | D49: https://www.google.com/maps?q=-34.59281921386719,-58.38087463378906&z=17&hl=es | J49: Almacen | L49: 1200 | M49: 1600 | N49: 3000 | O49: 1500 | V49: no | W49: si | X49: 1 | Y49: POINT(-58.380826323984714 -34.5926955240478)
A50: 45820.855 | B50: 0.85486111 | C50: csp_0049 | D50: https://www.google.com/maps?q=-34.59286880493164,-58.37950897216797&z=17&hl=es | J50: Almacen Chino | K50: 1500 | L50: 1100 | M50: 1000 | N50: 2000 | P50: 1411 | V50: no | W50: si | X50: 1 | Y50: POINT(-58.37947145282013 -34.592665635486746)
A51: 45820.858 | B51: 0.85763889 | C51: csp_0050 | D51: https://www.google.com/maps/place/Juncal+833,+C1062ABE+Cdad.+Aut%C3%B3noma+de+Buenos+Aires/@-34.5928161,-58.3791828,21z/data=!4m6!3m5!1s0x95bccab6c10e43a7:0x9da6744281d0fbdb!8m2!3d-34.5927941!4d-58.3790592!16s%2Fg%2F11dfh48dx7?hl=es&entry=ttu&g_ep=EgoyMDI2MDMxMS4wIKXMDSoASAFQAw%3D%3D | J51: Verduleria | O51: 1000 | V51: no | W51: si | X51: 1 | Y51: POINT(-58.37905910670746 -34.5927824431818)
A52: 45820.863 | B52: 0.8625 | C52: csp_0051 | D52: https://www.google.com/maps?q=-34.595916748046875,-58.37848663330078&z=17&hl=es | J52: Supermercado Carrefour Express | K52: 1290 | L52: 749 | M52: 949 | N52: 1290 | O52: 1590 | P52: 1788 | Q52: 13500 | V52: si | W52: si | X52: 1 | Y52: POINT(-58.378459781655636 -34.59576653342594)
A53: 45820.863 | B53: 0.86284722 | C53: csp_0052 | D53: https://www.google.com/maps?q=-34.596309661865234,-58.37841796875&z=17&hl=es | J53: Carniceria RES | Q53: 5450 | V53: si | W53: si | X53: 1 | Y53: POINT(-58.37846628350382 -34.59605355362885)
A54: 45820.866 | B54: 0.86597222 | C54: csp_0053 | D54: https://www.google.com/maps?q=-34.5966682434082,-58.380836486816406&z=17&hl=es | J54: Verduleria | O54: 1200 | V54: no | W54: si | X54: 1 | Y54: POINT(-58.38085259699755 -34.59652686644874)
A55: 45820.87 | B55: 0.87013889 | C55: csp_0054 | D55: https://www.google.com/maps/place/Marcelo+Torcuato+de+Alvear+1243,+C1058AAS+Cdad.+Aut%C3%B3noma+de+Buenos+Aires/@-34.5968983,-58.3850364,21z/data=!4m12!1m5!3m4!2zMzTCsDM1JzQ4LjQiUyA1OMKwMjMnMDUuNyJX!8m2!3d-34.5967751!4d-58.3849182!3m5!1s0x95bccab843ffe669:0xae79508bd3a18136!8m2!3d-34.5968551!4d-58.3848858!16s%2Fg%2F11c87kq9r3?hl=es&entry=ttu&g_ep=EgoyMDI2MDMxMS4wIKXMDSoASAFQAw%3D%3D | J55: Almacen Chino | K55: 2000 | L55: 1200 | M55: 1499 | N55: 2000 | P55: 1800 | V55: no | W55: si | X55: 1 | Y55: POINT(-58.384884525667495 -34.59684306658751)
A56: 45820.876 | B56: 0.87569444 | C56: csp_0055 | D56: https://www.google.com/maps?q=-34.597015380859375,-58.386722564697266&z=17&hl=es | J56: Almacen Chino | K56: 2500 | L56: 1800 | M56: 1700 | N56: 2500 | V56: no | W56: si | X56: 1 | Y56: POINT(-58.38674942583296 -34.59683874052231)
A57: 45820.881 | B57: 0.88125 | C57: csp_0056 | D57: https://www.google.com/maps?q=-34.597110748291016,-58.38776779174805&z=17&hl=es | J57: Supermercado Dia | K57: 1430 | L57: 540 | M57: 990 | N57: 1475 | O57: 590 | P57: 1600 | Q57: 12800 | V57: si | W57: si | X57: 1 | Y57: POINT(-58.387751710490875 -34.596969367201325)
A58: 45820.89 | B58: 0.89027778 | C58: csp_0057 | D58: https://www.google.com/maps?q=-34.596981048583984,-58.391845703125&z=17&hl=es | J58: Verduleria | O58: 1000 | V58: no | W58: si | X58: 1 | Y58: POINT(-58.39182961049093 -34.596830835349316)
A59: 45820.891 | B59: 0.89097222 | C59: csp_0058 | D59: https://www.google.com/maps?q=-34.597049713134766,-58.3918571472168&z=17&hl=es | J59: Almacen Chino | K59: 1800 | L59: 1300 | M59: 1600 | N59: 2000 | P59: 1600 | V59: no | W59: si | X59: 1 | Y59: POINT(-58.39184101049094 -34.59689070384834)
A60: 45820.895 | B60: 0.89513889 | C60: csp_0059 | D60: https://www.google.com/maps?q=-34.59523391723633,-58.39204406738281&z=17&hl=es | J60: Supermercado Carrefour Express | K60: 1290 | L60: 749 | M60: 949 | N60: 1290 | O60: 1590 | P60: 1788 | Q60: 13500 | V60: si | W60: si | X60: 1 | Y60: POINT(-58.39207092583292 -34.59507490037388)
A61: 45820.898 | B61: 0.89791667 | C61: csp_0060 | D61: https://maps.app.goo.gl/NnzZjF3J42cx8rry5 | J61: Supermercado Disco | K61: 1290 | L61: 870 | M61: 1080 | N61: 1620 | O61: 869 | P61: 1059 | Q61: 5315 | V61: si | W61: si | X61: 1 | Y61: POINT(-58.39159890397613 -34.592840347247986)
A62: 45820.904 | B62: 0.90416667 | C62: csp_0061 | D62: https://www.google.com/maps?q=-34.59260940551758,-58.39096450805664&z=17&hl=es | J62: Verduleria | O62: 800 | V62: no | W62: si | X62: 1 | Y62: POINT(-58.39095913932674 -34.59236207432891)
A63: 45820.905 | B63: 0.90486111 | C63: csp_0062 | D63: https://www.google.com/maps?q=-34.59233474731445,-58.39065933227539&z=17&hl=es | J63: Fiambreria | L63: 1400 | M63: 1500 | P63: 1700 | V63: no | W63: si | X63: 1 | Y63: POINT(-58.390686125833184 -34.59214036631195)
A64: 45820.907 | B64: 0.90694444 | C64: csp_0063 | D64: https://www.google.com/maps?q=-34.59212875366211,-58.39039993286133&z=17&hl=es | J64: Carniceria | Q64: 8500 | V64: no | W64: si | X64: 1 | Y64: POINT(-58.390480370010486 -34.59189913721304)
A65: 45820.907 | B65: 0.90729167 | C65: csp_0064 | D65: https://www.google.com/maps?q=-34.59202194213867,-58.39025115966797&z=17&hl=es | J65: Verduleria | O65: 700 | V65: no | W65: si | X65: 1 | Y65: POINT(-58.390202923984674 -34.591801069084674)
A66: 45820.908 | B66: 0.90763889 | C66: csp_0065 | D66: https://www.google.com/maps?q=-34.591915130615234,-58.39011001586914&z=17&hl=es | J66: Carniceria | Q66: 17000 | V66: no | W66: si | X66: 1 | Y66: POINT(-58.39010463932667 -34.591711933155025)
A67: 45820.908 | B67: 0.90798611 | C67: csp_0066 | D67: https://www.google.com/maps?q=-34.59193801879883,-58.3901481628418&z=17&hl=es | J67: Carniceria | Q67: 21000 | V67: no | W67: si | X67: 1 | Y67: POINT(-58.39019648350406 -34.591734833211085)
A68: 45820.908 | B68: 0.90833333 | C68: csp_0067 | D68: https://www.google.com/maps?q=-34.59187698364258,-58.39030838012695&z=17&hl=es | J68: Verduleria | O68: 4000 | V68: no | W68: si | X68: 1 | Y68: POINT(-58.39034595466865 -34.59173565830041)
A69: 45820.909 | B69: 0.90902778 | C69: csp_0068 | D69: https://www.google.com/maps?q=-34.591819763183594,-58.38996887207031&z=17&hl=es | J69: Verduleria | O69: 2000 | V69: no | W69: si | X69: 1 | Y69: POINT(-58.38994208165563 -34.59166079384194)
A70: 45820.91 | B70: 0.91041667 | C70: csp_0069 | D70: https://www.google.com/maps?q=-34.591373443603516,-58.389549255371094&z=17&hl=es | J70: Carniceria RES | Q70: 5450 | V70: si | W70: si | X70: 1 | Y70: POINT(-58.38958685466864 -34.59115256736145)
A71: 45820.912 | B71: 0.9125 | C71: csp_0070 | D71: https://www.google.com/maps?q=-34.59014892578125,-58.388126373291016&z=17&hl=es | J71: Fiambreria | P71: 725 | V71: no | W71: si | X71: 1 | Y71: POINT(-58.38813176816218 -34.589919231741334)
A72: 45820.923 | B72: 0.92291667 | C72: csp_0071 | D72: https://www.google.com/maps?q=-34.592044830322266,-58.39152145385742&z=17&hl=es | J72: Almacen | K72: 1600 | L72: 1381 | M72: 1350 | N72: 1400 | P72: 1399 | V72: no | W72: si | X72: 1 | Y72: POINT(-58.39152686816208 -34.59187696211415)
A73: 45820.926 | B73: 0.92569444 | C73: csp_0072 | D73: https://www.google.com/maps?q=-34.59115219116211,-58.39268493652344&z=17&hl=es | J73: Verduleria | O73: 725 | V73: no | W73: si | X73: 1 | Y73: POINT(-58.39263662398475 -34.59092253451398)
A74: 45820.926 | B74: 0.92638889 | C74: csp_0073 | D74: https://www.google.com/maps?q=-34.59111022949219,-58.39280319213867&z=17&hl=es | J74: Verduleria | O74: 725 | V74: no | W74: si | X74: 1 | Y74: POINT(-58.39287294117505 -34.590880534397805)
A75: 45820.927 | B75: 0.92708333 | C75: csp_0074 | D75: https://www.google.com/maps/@-34.5905887,-58.3932738,21z?hl=es&entry=ttu&g_ep=EgoyMDI2MDMxMS4wIKXMDSoASAFQAw%3D%3D | J75: Supermercado Carrefour Express | K75: 1290 | L75: 749 | M75: 949 | N75: 1290 | O75: 1590 | P75: 1788 | Q75: 13500 | V75: si | W75: si | X75: 1 | Y75: POINT(-58.39314941110279 -34.59060088690933)
A76: 45820.929 | B76: 0.92916667 | C76: csp_0075 | D76: https://www.google.com/maps?q=-34.59097671508789,-58.39504623413086&z=17&hl=es | J76: Almacen Chino | K76: 2200 | L76: 1000 | M76: 1400 | N76: 2300 | O76: 1500 | P76: 2700 | V76: no | W76: si | X76: 1 | Y76: POINT(-58.394997923984896 -34.59080002768448)
A78: 46002 | B78: 0.69861111 | C78: csp_0076 | D78: https://www.google.com/maps/place/Carnicer%C3%ADa+Rub%C3%A9n/@-34.5895037,-58.394738,21z/data=!4m6!3m5!1s0x95bcca987766253f:0x9a08e33acc0fc017!8m2!3d-34.589303!4d-58.394544!16s%2Fg%2F11b6v4jlsn?hl=es&entry=ttu&g_ep=EgoyMDI2MDMxMS4wIKXMDSoASAFQAw%3D%3D | J78: Verduleria | K78: 0 | L78: 0 | M78: 0 | N78: 0 | O78: 1107.6923 | P78: 0 | Q78: 0 | V78: no | W78: si | X78: 2 | Y78: POINT(-58.39462362708994 -34.589355170420546)
A79: 46002 | B79: 0.7 | C79: csp_0077 | D79: https://www.google.com/maps/place/34%C2%B035'23.0%22S+58%C2%B023'40.3%22W/@-34.5897331,-58.3971023,17z/data=!3m1!4b1!4m4!3m3!8m2!3d-34.5897331!4d-58.3945274?hl=es&entry=ttu&g_ep=EgoyMDI2MDMwOC4wIKXMDSoASAFQAw%3D%3D | J79: Almacen Chino | K79: 1384.6154 | L79: 1107.6923 | M79: 1384.6154 | N79: 1384.6154 | O79: 0 | P79: 1661.5385 | Q79: 0 | V79: no | W79: si | X79: 2 | Y79: POINT(-58.394527 -34.589733)
A80: 46002 | B80: 0.70277778 | C80: csp_0078 | D80: https://www.google.com/maps?q=-34.589942932128906,-58.39411926269531&z=17&hl=es | J80: Carniceria RES | K80: 0 | L80: 0 | M80: 0 | N80: 0 | O80: 0 | P80: 0 | Q80: 12830.769 | V80: si | W80: si | X80: 2 | Y80: POINT(-58.394119 -34.589943)
A81: 46002 | B81: 0.70972222 | C81: csp_0079 | D81: https://www.google.com/maps?q=-34.59031295776367,-58.39366912841797&z=17&hl=es | J81: Fiambreria | K81: 0 | L81: 0 | M81: 0 | N81: 0 | O81: 0 | P81: 2769.2308 | Q81: 0 | V81: no | W81: si | X81: 2 | Y81: POINT(-58.393669 -34.590313)
A82: 46002 | B82: 0.71875 | C82: csp_0083 | D82: https://www.google.com/maps?q=-34.592506408691406,-58.39102554321289&z=17&hl=es | J82: Carniceria RES | K82: 0 | L82: 0 | M82: 0 | N82: 0 | O82: 0 | P82: 0 | Q82: 12830.769 | V82: si | W82: si | X82: 2 | Y82: POINT(-58.391026 -34.592506)
A83: 46002 | B83: 0.72152778 | C83: csp_0084 | D83: https://www.google.com/maps?q=-34.59082794189453,-58.39295196533203&z=17&hl=es | J83: Supermercado Carrefour Express | K83: 1098.4615 | L83: 900 | M83: 922.15385 | N83: 1098.4615 | O83: 1384.6154 | P83: 2030.7692 | Q83: 12913.846 | V83: si | W83: si | X83: 2 | Y83: POINT(-58.392952 -34.590828)
A84: 46002 | B84: 0.7375 | C84: csp_0085 | D84: https://www.google.com/maps?q=-34.5910758972168,-58.390586853027344&z=17&hl=es | J84: Verduleria | K84: 0 | L84: 0 | M84: 0 | N84: 0 | O84: 923.07692 | P84: 0 | Q84: 0 | V84: no | W84: si | X84: 2 | Y84: POINT(-58.390587 -34.591076)
A85: 46002 | B85: 0.73819444 | C85: csp_0086 | D85: https://www.google.com/maps?q=-34.59125900268555,-58.39048385620117&z=17&hl=es | J85: Almacen Chino | K85: 1753.8462 | L85: 1107.6923 | M85: 1661.5385 | N85: 2769.2308 | O85: 0 | P85: 0 | Q85: 9230.7692 | V85: no | W85: si | X85: 2 | Y85: POINT(-58.390484 -34.591259)
A86: 46002 | B86: 0.74097222 | C86: csp_0087 | D86: https://www.google.com/maps?q=-34.59193801879883,-58.389732360839844&z=17&hl=es | J86: Supermercado Carrefour Market | K86: 1098.4615 | L86: 900 | M86: 922.15385 | N86: 1098.4615 | O86: 1384.6154 | P86: 2030.7692 | Q86: 12913.846 | V86: si | W86: si | X86: 2 | Y86: POINT(-58.389732 -34.591938)
A87: 46002 | B87: 0.76111111 | C87: csp_0089 | D87: https://www.google.com/maps?q=-34.59189224243164,-58.38420104980469&z=17&hl=es | J87: Almacen | K87: 2030.7692 | L87: 2030.7692 | M87: 1846.1538 | N87: 0 | O87: 1846.1538 | P87: 0 | Q87: 0 | V87: no | W87: si | X87: 2 | Y87: POINT(-58.384201 -34.591892)
A88: 46002 | B88: 0.76319444 | C88: csp_0090 | D88: https://www.google.com/maps?q=-34.59242630004883,-58.384403228759766&z=17&hl=es | J88: Almacen Chino | K88: 1753.8462 | L88: 1200 | M88: 1384.6154 | N88: 2584.6154 | O88: 1384.6154 | P88: 1384.6154 | Q88: 0 | V88: no | W88: si | X88: 2 | Y88: POINT(-58.384403 -34.592426)
A89: 46002 | B89: 0.77986111 | C89: csp_0092 | D89: https://www.google.com/maps?q=-34.58774948120117,-58.38578796386719&z=17&hl=es | J89: Almacen | K89: 0 | L89: 0 | M89: 1476.9231 | N89: 3692.3077 | O89: 1384.6154 | P89: 0 | Q89: 0 | V89: no | W89: si | X89: 2 | Y89: POINT(-58.385788 -34.587750)
... A99: 46002 | B99: 0.85347222 | C99: csp_0106 | D99: https://www.google.com/maps?q=-34.58884811401367,-58.383033752441406&z=17&hl=es | J99: Verduleria | K99: 0 | L99: 0 | M99: 0 | N99: 0 | O99: 1846.1538 | P99: 0 | Q99: 0 | V99: no | W99: si | X99: 2 | Y99: POINT(-58.383034 -34.588848)
X101: 3
X102: 3
X103: 3
X104: 3
X105: 3
X106: 3
X107: 3
X108: 3
X109: 3
X110: 3

Sheet limpieza_datos
A1: fecha_hora_cest | B1: marca_temp_CEST | C1: id_comercio | D1: link | E1: sector_bm | F1: Calle | G1: Altura | H1: direccion | I1: ID_direcciones | J1: Rubro | K1: leche | L1: harina | M1: azucar | N1: arroz | O1: papa | P1: fiambre/jc | Q1: carne pic | R1: ¿Cuáles son los principales factores que encarecen los productos que vendés? | S1: Inquilino/ Propietario | T1: Alquiler | U1: Dificultades para abastecerse, otros comentarios | V1: cadena | W1: relevado | X1: tanda | Y1: geometry | Z1: numero real
A2: 45818.953 | B2: 0.95277778 | C2: csp_0001 | D2: https://maps.google.com/maps?q=-34.59994888305664%2C-58.37699508666992&z=17&hl=es | J2: Supermercado Carrefour Express | K2: 1485 | L2: 749 | M2: 1050 | N2: 1690 | O2: 1490 | P2: 1790 | V2: si | W2: si | X2: 1 | Y2: POINT(-58.376946823984355 -34.599772246759564)
A3: 45818.955 | B3: 0.95486111 | C3: csp_0002 | D3: https://maps.google.com/maps?q=-34.59996032714844%2C-58.37679672241211&z=17&hl=es | J3: Carniceria RES | Q3: 5450 | V3: si | W3: si | X3: 1 | Y3: POINT(-58.37675915281983 -34.599783646783784)
A4: 45818.956 | B4: 0.95625 | C4: csp_0003 | D4: https://maps.google.com/maps?q=-34.599769592285156%2C-58.376834869384766&z=17&hl=es | J4: Almacen | N4: 1800 | O4: 750 | P4: 1500 | V4: no | W4: si | X4: 1 | Y4: POINT(-58.376872454668245 -34.59954878967517)
A5: 45818.958 | B5: 0.95833333 | C5: csp_0004 | D5: https://maps.google.com/maps?q=-34.598236083984375%2C-58.376956939697266&z=17&hl=es | J5: Almacen Chino | K5: 1300 | L5: 800 | M5: 900 | N5: 1400 | P5: 1200 | V5: no | W5: si | X5: 1 | Y5: POINT(-58.37690862398452 -34.59804178011319)
A6: 45818.96 | B6: 0.96041667 | C6: csp_0005 | D6: https://maps.google.com/maps?q=-34.59791946411133%2C-58.37689971923828&z=17&hl=es | J6: Carniceria Fiambreria | P6: 1950 | V6: si | W6: si | X6: 1 | Y6: POINT(-58.37691579699724 -34.597707516297156)
A7: 45818.961 | B7: 0.96111111 | C7: csp_0006 | D7: https://maps.google.com/maps?q=-34.59733581542969%2C-58.37691879272461&z=17&hl=es | J7: Supermercado Carrefour Express | K7: 1290 | L7: 749 | M7: 949 | N7: 1400 | O7: 1490 | P7: 1790 | V7: si | W7: si | X7: 1 | Y7: POINT(-58.37692416816192 -34.59711498320661)
A8: 45818.966 | B8: 0.96597222 | C8: csp_0007 | D8: https://maps.google.com/maps?q=-34.596309661865234%2C-58.37836837768555&z=17&hl=es | J8: Carniceria RES | Q8: 5450 | V8: si | W8: si | X8: 1 | Y8: POINT(-58.37833085282006 -34.59612420731531)
A9: 45818.967 | B9: 0.96666667 | C9: csp_0008 | D9: https://maps.google.com/maps?q=-34.59626770019531%2C-58.37843322753906&z=17&hl=es | J9: Almacen | K9: 2400 | L9: 1300 | M9: 1600 | N9: 2400 | P9: 1700 | V9: no | W9: si | X9: 1 | Y9: POINT(-58.37836346631361 -34.59609103893263)
A10: 45818.968 | B10: 0.96805556 | C10: csp_0009 | D10: https://maps.google.com/maps?q=-34.59589767456055%2C-58.37848663330078&z=17&hl=es | J10: Supermercado Carrefour Express | K10: 1290 | L10: 749 | M10: 899 | N10: 1290 | O10: 1490 | P10: 1785 | V10: si | W10: si | X10: 1 | Y10: POINT(-58.37839540864261 -34.59571220639564)
A11: 45818.974 | B11: 0.97430556 | C11: csp_0010 | D11: https://maps.google.com/maps?q=-34.5966682434082%2C-58.37837600708008&z=17&hl=es | J11: Almacen Chino | K11: 1800 | L11: 1500 | M11: 1300 | N11: 1000 | P11: 1000 | V11: no | W11: si | X11: 1 | Y11: POINT(-58.378327723984455 -34.596403223057045)
A12: 45818.976 | B12: 0.97638889 | C12: csp_0011 | D12: https://maps.google.com/maps?q=-34.59672546386719%2C-58.37849044799805&z=17&hl=es | J12: Verduleria | O12: 1000 | V12: no | W12: si | X12: 1 | Y12: POINT(-58.37844212398452 -34.59655767156747)
A13: 45818.978 | B13: 0.97777778 | C13: csp_0012 | D13: https://www.google.com/maps/place/34%C2%B035'50.5%22S+58%C2%B022'44.1%22W/@-34.5975982,-58.3788232,21z/data=!4m4!3m3!8m2!3d-34.5973587!4d-58.3789177?hl=es&entry=ttu&g_ep=EgoyMDI2MDMxMS4wIKXMDSoASAFQAw%3D%3D | J13: Almacen | L13: 1800 | M13: 2000 | P13: 1300 | V13: no | W13: si | X13: 1 | Y13: POINT(-58.37869881477214 -34.5976081096709)
A14: 45818.978 | B14: 0.97847222 | C14: csp_0013 | D14: https://maps.google.com/maps?q=-34.59750747680664%2C-58.3781852722168&z=17&hl=es | J14: Supermercado Dia | K14: 1740 | L14: 790 | M14: 990 | N14: 1190 | P14: 2410 | V14: si | W14: si | X14: 1 | Y14: POINT(-58.378201396997426 -34.597295515245946)
A15: 45818.981 | B15: 0.98125 | C15: csp_0014 | D15: https://maps.google.com/maps?q=-34.59797668457031%2C-58.378299713134766&z=17&hl=es | J15: Almacen | N15: 1800 | O15: 1000 | V15: no | W15: si | X15: 1 | Y15: POINT(-58.378272881655505 -34.59776471644315)
A16: 45818.983 | B16: 0.98263889 | C16: csp_0015 | D16: https://maps.google.com/maps?q=-34.598628997802734%2C-58.37840270996094&z=17&hl=es | J16: Supermercado Carrefour Express | K16: 1290 | L16: 749 | M16: 899 | N16: 1290 | O16: 1490 | P16: 1785 | V16: si | W16: si | X16: 1 | Y16: POINT(-58.3784617123392 -34.59848766978374)
A17: 45818.986 | B17: 0.98611111 | C17: csp_0016 | D17: https://maps.google.com/maps?q=-34.60411071777344%2C-58.3782844543457&z=17&hl=es | J17: Almacen | K17: 1900 | L17: 1300 | M17: 1400 | N17: 2600 | P17: 1035 | V17: no | W17: si | X17: 1 | Y17: POINT(-58.37825768165517 -34.603881070332164)
A18: 45818.99 | B18: 0.99027778 | C18: csp_0017 | D18: https://maps.google.com/maps?q=-34.60270690917969%2C-58.37809371948242&z=17&hl=es | J18: Fiambreria | N18: 2200 | O18: 900 | P18: 1742 | V18: no | W18: si | X18: 1 | Y18: POINT(-58.37807761049078 -34.60250375954193)
A19: 45818.991 | B19: 0.99097222 | C19: csp_0018 | D19: https://maps.google.com/maps?q=-34.60324478149414%2C-58.3781623840332&z=17&hl=es | J19: Supermercado Carrefour Express | K19: 1290 | L19: 749 | M19: 899 | N19: 1290 | O19: 1490 | P19: 1785 | V19: si | W19: si | X19: 1 | Y19: POINT(-58.378135581655215 -34.60302399891231)
A20: 45818.997 | B20: 0.99652778 | C20: csp_0019 | D20: https://maps.google.com/maps?q=-34.601531982421875%2C-58.37953186035156&z=17&hl=es | J20: Almacen Chino | K20: 1700 | L20: 900 | M20: 1300 | N20: 1200 | O20: 1000 | P20: 1600 | Q20: 8600 | V20: no | W20: si | X20: 1 | Y20: POINT(-58.379472895148915 -34.60132885666888)
A21: 45818.999 | B21: 0.99930556 | C21: csp_0020 | D21: https://maps.google.com/maps?q=-34.599891662597656%2C-58.37984848022461&z=17&hl=es | J21: Verduleria | O21: 1000 | V21: no | W21: si | X21: 1 | Y21: POINT(-58.37983241049086 -34.599679721329295)
A22: 45819 | B22: 0 | C22: csp_0021 | D22: https://maps.google.com/maps?q=-34.599876403808594%2C-58.379634857177734&z=17&hl=es | J22: Supermercado Dia | K22: 1390 | L22: 790 | M22: 990 | N22: 1600 | P22: 2145 | V22: si | W22: si | X22: 1 | Y22: POINT(-58.379683183503644 -34.599664421290306)
A23: 45819.003 | B23: 0.0027777778 | C23: csp_0022 | D23: https://maps.google.com/maps?q=-34.59871292114258%2C-58.37973403930664&z=17&hl=es | J23: Almacen | M23: 1500 | N23: 1800 | V23: no | W23: si | X23: 1 | Y23: POINT(-58.37975009699739 -34.59856273847909)
A24: 45819.003 | B24: 0.0034722222 | C24: csp_0023 | D24: https://maps.google.com/maps?q=-34.5986896%2C-58.3797565&z=17&hl=es | J24: Verduleria | O24: 800 | V24: no | W24: si | X24: 1 | Y24: POINT(-58.379740410490925 -34.59846878680459)
A25: 45819.005 | B25: 0.0048611111 | C25: csp_0024 | D25: https://maps.google.com/maps?q=-34.598295%2C-58.3797894&z=17&hl=es | J25: Almacen | L25: 2500 | N25: 2000 | V25: no | W25: si | X25: 1 | Y25: POINT(-58.379773310490876 -34.59810951174743)
A26: 45819.006 | B26: 0.0055555556 | C26: csp_0025 | D26: https://maps.google.com/maps?q=-34.5980989%2C-58.3797356&z=17&hl=es | J26: Almacen | M26: 1100 | N26: 1800 | O26: 700 | P26: 1200 | Q26: 14500 | V26: no | W26: si | X26: 1 | Y26: POINT(-58.3797624258329 -34.59795756888206)
A27: 45819.009 | B27: 0.0090277778 | C27: csp_0026 | D27: https://maps.google.com/maps?q=-34.5971262%2C-58.3798431&z=17&hl=es | J27: Almacen Chino | L27: 1500 | M27: 1700 | N27: 2000 | O27: 1200 | P27: 1500 | Q27: 900 | V27: no | W27: si | X27: 1 | Y27: POINT(-58.379805552819946 -34.59694954075799)
A28: 45820.735 | B28: 0.73541667 | C28: csp_0027 | D28: https://maps.google.com/maps?q=-34.59231185913086%2C-58.37621307373047&z=17&hl=es | J28: Almacen Chino | K28: 1600 | L28: 1000 | M28: 1500 | N28: 1800 | O28: 1000 | P28: 2300 | V28: no | W28: si | X28: 1 | Y28: POINT(-58.376207739326574 -34.592117566258686)
A29: 45820.746 | B29: 0.74583333 | C29: csp_0028 | D29: https://maps.google.com/maps?q=-34.58771896362305%2C-58.38430404663086&z=17&hl=es | J29: Almacen Chino | K29: 1400 | L29: 2000 | M29: 2000 | N29: 4000 | P29: 2136 | V29: no | W29: si | X29: 1 | Y29: POINT(-58.384298639326836 -34.587533488139755)
A30: 45820.751 | B30: 0.75069444 | C30: csp_0029 | D30: https://maps.google.com/maps?q=-34.586002349853516%2C-58.387351989746094&z=17&hl=es | J30: Verduleria | O30: 1333 | V30: no | W30: si | X30: 1 | Y30: POINT(-58.38738955466894 -34.58580795150509)
A31: 45820.751 | B31: 0.75138889 | C31: csp_0030 | D31: https://maps.google.com/maps?q=-34.585933685302734%2C-58.387969970703125&z=17&hl=es | J31: Supermercado Carrefour Express | K31: 1290 | L31: 749 | M31: 949 | N31: 1290 | O31: 1400 | P31: 1788 | Q31: 9350 | V31: si | W31: si | X31: 1 | Y31: POINT(-58.38795391049146 -34.585721685720785)
A32: 45820.76 | B32: 0.75972222 | C32: csp_0031 | D32: https://maps.google.com/maps?q=-34.5875244140625%2C-58.38737106323242&z=17&hl=es | J32: Kiosco Mini Market | K32: 2100 | L32: 1200 | M32: 2000 | N32: 5200 | U32: (U marca de cada producto, y pocos ejemplares por producto. muy poco provisto) | V32: no | W32: si | X32: 1 | Y32: POINT(-58.38743011233964 -34.58733888770553)
A33: 45820.77 | B33: 0.77013889 | C33: csp_0032 | D33: https://www.google.com/maps/@-34.5917245,-58.3792782,21z?hl=es&entry=ttu&g_ep=EgoyMDI2MDMxMS4wIKXMDSoASAFQAw%3D%3D | J33: Almacen | K33: 1485 | L33: 940 | M33: 949 | N33: 1400 | O33: 1400 | P33: 1288 | V33: no | W33: si | X33: 1 | Y33: POINT(-58.37935967209949 -34.59165991469645)
A34: 45820.774 | B34: 0.77361111 | C34: csp_0033 | D34: https://maps.google.com/maps?q=-34.59185791015625%2C-58.378448486328125&z=17&hl=es | J34: Supermercado Disco | K34: 1290 | L34: 870 | M34: 1080 | N34: 1050 | O34: 1629 | P34: 1845 | Q34: 5315 | V34: si | W34: si | X34: 1 | Y34: POINT(-58.3784753258331 -34.59167239737799)
A35: 45820.781 | B35: 0.78125 | C35: csp_0034 | D35: https://www.google.com/maps/@-34.5928267,-58.3763974,21z?hl=es&entry=ttu&g_ep=EgoyMDI2MDMxMS4wIKXMDSoASAFQAw%3D%3D | J35: Almacen | L35: 1000 | N35: 1400 | O35: 1500 | V35: no | W35: si | X35: 1 | Y35: POINT(-58.376197216356985 -34.5928172847864)
A36: 45820.787 | B36: 0.78680556 | C36: csp_0035 | D36: https://www.google.com/maps/@-34.5940337,-58.3793313,21z?hl=es&entry=ttu&g_ep=EgoyMDI2MDMxMS4wIKXMDSoASAFQAw%3D%3D | J36: Supermercado Jumbo | K36: 1950 | L36: 870 | M36: 1080 | N36: 1550 | O36: 969 | P36: 139 | Q36: 8855 | V36: si | W36: si | X36: 1 | Y36: POINT(-58.37937322983343 -34.5941396898721)
A37: 45820.792 | B37: 0.79236111 | C37: csp_0036 | D37: https://www.google.com/maps?q=-34.594242095947266,-58.38105392456055&z=17&hl=es | J37: Supermercado Carrefour Express | K37: 1290 | L37: 749 | M37: 949 | N37: 1290 | O37: 1590 | P37: 1788 | V37: si | W37: si | X37: 1 | Y37: POINT(-58.38104853932667 -34.59403893884416)
A38: 45820.795 | B38: 0.79513889 | C38: csp_0037 | D38: https://www.google.com/maps?q=-34.5941162109375,-58.37980270385742&z=17&hl=es | J38: Verduleria | O38: 1000 | V38: no | W38: si | X38: 1 | Y38: POINT(-58.37982952583306 -34.59393953435863)
A39: 45820.796 | B39: 0.79583333 | C39: csp_0038 | D39: https://www.google.com/maps?q=-34.59412384033203,-58.37968444824219&z=17&hl=es | J39: Carniceria RES | Q39: 545 | V39: si | W39: si | X39: 1 | Y39: POINT(-58.37971122583305 -34.59394713437477)
A40: 45820.797 | B40: 0.79722222 | C40: csp_0039 | D40: https://www.google.com/maps?q=-34.594486236572266,-58.381168365478516&z=17&hl=es | J40: Fiambreria | L40: 1400 | M40: 1200 | P40: 1500 | V40: no | W40: si | X40: 1 | Y40: POINT(-58.381227412339314 -34.59430070324479)
A41: 45820.806 | B41: 0.80625 | C41: csp_0040 | D41: https://www.google.com/maps?q=-34.595272064208984,-58.39004898071289&z=17&hl=es | J41: Verduleria | O41: 1000 | V41: no | W41: si | X41: 1 | Y41: POINT(-58.39003291049102 -34.595077773181245)
A42: 45820.814 | B42: 0.81388889 | C42: csp_0041 | D42: https://www.google.com/maps?q=-34.595726013183594,-58.39558029174805&z=17&hl=es | J42: Supermercado Carrefour Market | K42: 1290 | L42: 890 | M42: 899 | N42: 1280 | O42: 600 | P42: 1278 | Q42: 13500 | V42: si | W42: si | X42: 1 | Y42: POINT(-58.395639312339405 -34.595505178928306)
A43: 45820.822 | B43: 0.82152778 | C43: csp_0042 | D43: https://www.google.com/maps?q=-34.59343338012695,-58.39544677734375&z=17&hl=es | J43: Verduleria | O43: 750 | V43: no | W43: si | X43: 1 | Y43: POINT(-58.395484354668504 -34.59323906888116)
A44: 45820.822 | B44: 0.82222222 | C44: csp_0043 | D44: https://www.google.com/maps/@-34.5934683,-58.3950078,21z?hl=es&entry=ttu&g_ep=EgoyMDI2MDMxMS4wIKXMDSoASAFQAw%3D%3D | J44: Almacen Chino | K44: 1600 | L44: 900 | M44: 1300 | N44: 1600 | O44: 1000 | P44: 1600 | V44: no | W44: si | X44: 1 | Y44: POINT( -58.39491161951106 -34.593480469021166)
A45: 45820.826 | B45: 0.82638889 | C45: csp_0044 | D45: https://www.google.com/maps/@-34.5940444,-58.3920163,21z?hl=es&entry=ttu&g_ep=EgoyMDI2MDMxMS4wIKXMDSoASAFQAw%3D%3D | J45: Verduleria | O45: 700 | V45: no | W45: si | X45: 1 | Y45: POINT(-58.39206286569123 -34.59404104867657)
A46: 45820.828 | B46: 0.82777778 | C46: csp_0045 | D46: https://www.google.com/maps?q=-34.594173431396484,-58.390567779541016&z=17&hl=es | J46: Verduleria | O46: 700 | V46: no | W46: si | X46: 1 | Y46: POINT(-58.39057316816209 -34.5940408941348)
A47: 45820.847 | B47: 0.84652778 | C47: csp_0046 | D47: https://www.google.com/maps/@-34.5927433,-58.3859499,21z?hl=es&entry=ttu&g_ep=EgoyMDI2MDMxMS4wIKXMDSoASAFQAw%3D%3D | J47: Verduleria | O47: 900 | V47: no | W47: si | X47: 1 | Y47: POINT(-58.3858986436714 -34.59276756045055)
A48: 45820.849 | B48: 0.84930556 | C48: csp_0047 | D48: https://www.google.com/maps/@-34.5928081,-58.383655,21z?hl=es&entry=ttu&g_ep=EgoyMDI2MDMxMS4wIKXMDSoASAFQAw%3D%3D | J48: Verduleria | O48: 1500 | V48: no | W48: si | X48: 1 | Y48: POINT(-58.383572137063965 -34.59277833763642)
A49: 45820.853 | B49: 0.85277778 | C49: csp_0048 | D49: https://www.google.com/maps?q=-34.59281921386719,-58.38087463378906&z=17&hl=es | J49: Almacen | L49: 1200 | M49: 1600 | N49: 3000 | O49: 1500 | V49: no | W49: si | X49: 1 | Y49: POINT(-58.380826323984714 -34.5926955240478)
A50: 45820.855 | B50: 0.85486111 | C50: csp_0049 | D50: https://www.google.com/maps?q=-34.59286880493164,-58.37950897216797&z=17&hl=es | J50: Almacen Chino | K50: 1500 | L50: 1100 | M50: 1000 | N50: 2000 | P50: 1411 | V50: no | W50: si | X50: 1 | Y50: POINT(-58.37947145282013 -34.592665635486746)
A51: 45820.858 | B51: 0.85763889 | C51: csp_0050 | D51: https://www.google.com/maps/place/Juncal+833,+C1062ABE+Cdad.+Aut%C3%B3noma+de+Buenos+Aires/@-34.5928161,-58.3791828,21z/data=!4m6!3m5!1s0x95bccab6c10e43a7:0x9da6744281d0fbdb!8m2!3d-34.5927941!4d-58.3790592!16s%2Fg%2F11dfh48dx7?hl=es&entry=ttu&g_ep=EgoyMDI2MDMxMS4wIKXMDSoASAFQAw%3D%3D | J51: Verduleria | O51: 1000 | V51: no | W51: si | X51: 1 | Y51: POINT(-58.37905910670746 -34.5927824431818)
A52: 45820.863 | B52: 0.8625 | C52: csp_0051 | D52: https://www.google.com/maps?q=-34.595916748046875,-58.37848663330078&z=17&hl=es | J52: Supermercado Carrefour Express | K52: 1290 | L52: 749 | M52: 949 | N52: 1290 | O52: 1590 | P52: 1788 | Q52: 13500 | V52: si | W52: si | X52: 1 | Y52: POINT(-58.378459781655636 -34.59576653342594)
A53: 45820.863 | B53: 0.86284722 | C53: csp_0052 | D53: https://www.google.com/maps?q=-34.596309661865234,-58.37841796875&z=17&hl=es | J53: Carniceria RES | Q53: 5450 | V53: si | W53: si | X53: 1 | Y53: POINT(-58.37846628350382 -34.59605355362885)
A54: 45820.866 | B54: 0.86597222 | C54: csp_0053 | D54: https://www.google.com/maps?q=-34.5966682434082,-58.380836486816406&z=17&hl=es | J54: Verduleria | O54: 1200 | V54: no | W54: si | X54: 1 | Y54: POINT(-58.38085259699755 -34.59652686644874)
A55: 45820.87 | B55: 0.87013889 | C55: csp_0054 | D55: https://www.google.com/maps/place/Marcelo+Torcuato+de+Alvear+1243,+C1058AAS+Cdad.+Aut%C3%B3noma+de+Buenos+Aires/@-34.5968983,-58.3850364,21z/data=!4m12!1m5!3m4!2zMzTCsDM1JzQ4LjQiUyA1OMKwMjMnMDUuNyJX!8m2!3d-34.5967751!4d-58.3849182!3m5!1s0x95bccab843ffe669:0xae79508bd3a18136!8m2!3d-34.5968551!4d-58.3848858!16s%2Fg%2F11c87kq9r3?hl=es&entry=ttu&g_ep=EgoyMDI2MDMxMS4wIKXMDSoASAFQAw%3D%3D | J55: Almacen Chino | K55: 2000 | L55: 1200 | M55: 1499 | N55: 2000 | P55: 1800 | V55: no | W55: si | X55: 1 | Y55: POINT(-58.384884525667495 -34.59684306658751)
A56: 45820.876 | B56: 0.87569444 | C56: csp_0055 | D56: https://www.google.com/maps?q=-34.597015380859375,-58.386722564697266&z=17&hl=es | J56: Almacen Chino | K56: 2500 | L56: 1800 | M56: 1700 | N56: 2500 | V56: no | W56: si | X56: 1 | Y56: POINT(-58.38674942583296 -34.59683874052231)
A57: 45820.881 | B57: 0.88125 | C57: csp_0056 | D57: https://www.google.com/maps?q=-34.597110748291016,-58.38776779174805&z=17&hl=es | J57: Supermercado Dia | K57: 1430 | L57: 540 | M57: 990 | N57: 1475 | O57: 590 | P57: 1600 | Q57: 12800 | V57: si | W57: si | X57: 1 | Y57: POINT(-58.387751710490875 -34.596969367201325)
A58: 45820.89 | B58: 0.89027778 | C58: csp_0057 | D58: https://www.google.com/maps?q=-34.596981048583984,-58.391845703125&z=17&hl=es | J58: Verduleria | O58: 1000 | V58: no | W58: si | X58: 1 | Y58: POINT(-58.39182961049093 -34.596830835349316)
A59: 45820.891 | B59: 0.89097222 | C59: csp_0058 | D59: https://www.google.com/maps?q=-34.597049713134766,-58.3918571472168&z=17&hl=es | J59: Almacen Chino | K59: 1800 | L59: 1300 | M59: 1600 | N59: 2000 | P59: 1600 | V59: no | W59: si | X59: 1 | Y59: POINT(-58.39184101049094 -34.59689070384834)
A60: 45820.895 | B60: 0.89513889 | C60: csp_0059 | D60: https://www.google.com/maps?q=-34.59523391723633,-58.39204406738281&z=17&hl=es | J60: Supermercado Carrefour Express | K60: 1290 | L60: 749 | M60: 949 | N60: 1290 | O60: 1590 | P60: 1788 | Q60: 13500 | V60: si | W60: si | X60: 1 | Y60: POINT(-58.39207092583292 -34.59507490037388)
A61: 45820.898 | B61: 0.89791667 | C61: csp_0060 | D61: https://maps.app.goo.gl/NnzZjF3J42cx8rry5 | J61: Supermercado Disco | K61: 1290 | L61: 870 | M61: 1080 | N61: 1620 | O61: 869 | P61: 1059 | Q61: 5315 | V61: si | W61: si | X61: 1 | Y61: POINT(-58.39159890397613 -34.592840347247986)
A62: 45820.904 | B62: 0.90416667 | C62: csp_0061 | D62: https://www.google.com/maps?q=-34.59260940551758,-58.39096450805664&z=17&hl=es | J62: Verduleria | O62: 800 | V62: no | W62: si | X62: 1 | Y62: POINT(-58.39095913932674 -34.59236207432891)
A63: 45820.905 | B63: 0.90486111 | C63: csp_0062 | D63: https://www.google.com/maps?q=-34.59233474731445,-58.39065933227539&z=17&hl=es | J63: Fiambreria | L63: 1400 | M63: 1500 | P63: 1700 | V63: no | W63: si | X63: 1 | Y63: POINT(-58.390686125833184 -34.59214036631195)
A64: 45820.907 | B64: 0.90694444 | C64: csp_0063 | D64: https://www.google.com/maps?q=-34.59212875366211,-58.39039993286133&z=17&hl=es | J64: Carniceria | Q64: 8500 | V64: no | W64: si | X64: 1 | Y64: POINT(-58.390480370010486 -34.59189913721304)
A65: 45820.907 | B65: 0.90729167 | C65: csp_0064 | D65: https://www.google.com/maps?q=-34.59202194213867,-58.39025115966797&z=17&hl=es | J65: Verduleria | O65: 700 | V65: no | W65: si | X65: 1 | Y65: POINT(-58.390202923984674 -34.591801069084674)
A66: 45820.908 | B66: 0.90763889 | C66: csp_0065 | D66: https://www.google.com/maps?q=-34.591915130615234,-58.39011001586914&z=17&hl=es | J66: Carniceria | Q66: 17000 | V66: no | W66: si | X66: 1 | Y66: POINT(-58.39010463932667 -34.591711933155025)
A67: 45820.908 | B67: 0.90798611 | C67: csp_0066 | D67: https://www.google.com/maps?q=-34.59193801879883,-58.3901481628418&z=17&hl=es | J67: Carniceria | Q67: 21000 | V67: no | W67: si | X67: 1 | Y67: POINT(-58.39019648350406 -34.591734833211085)
A68: 45820.908 | B68: 0.90833333 | C68: csp_0067 | D68: https://www.google.com/maps?q=-34.59187698364258,-58.39030838012695&z=17&hl=es | J68: Verduleria | O68: 4000 | V68: no | W68: si | X68: 1 | Y68: POINT(-58.39034595466865 -34.59173565830041)
A69: 45820.909 | B69: 0.90902778 | C69: csp_0068 | D69: https://www.google.com/maps?q=-34.591819763183594,-58.38996887207031&z=17&hl=es | J69: Verduleria | O69: 2000 | V69: no | W69: si | X69: 1 | Y69: POINT(-58.38994208165563 -34.59166079384194)
A70: 45820.91 | B70: 0.91041667 | C70: csp_0069 | D70: https://www.google.com/maps?q=-34.591373443603516,-58.389549255371094&z=17&hl=es | J70: Carniceria RES | Q70: 5450 | V70: si | W70: si | X70: 1 | Y70: POINT(-58.38958685466864 -34.59115256736145)
A71: 45820.912 | B71: 0.9125 | C71: csp_0070 | D71: https://www.google.com/maps?q=-34.59014892578125,-58.388126373291016&z=17&hl=es | J71: Fiambreria | P71: 725 | V71: no | W71: si | X71: 1 | Y71: POINT(-58.38813176816218 -34.589919231741334)
A72: 45820.923 | B72: 0.92291667 | C72: csp_0071 | D72: https://www.google.com/maps?q=-34.592044830322266,-58.39152145385742&z=17&hl=es | J72: Almacen | K72: 1600 | L72: 1381 | M72: 1350 | N72: 1400 | P72: 1399 | V72: no | W72: si | X72: 1 | Y72: POINT(-58.39152686816208 -34.59187696211415)
A73: 45820.926 | B73: 0.92569444 | C73: csp_0072 | D73: https://www.google.com/maps?q=-34.59115219116211,-58.39268493652344&z=17&hl=es | J73: Verduleria | O73: 725 | V73: no | W73: si | X73: 1 | Y73: POINT(-58.39263662398475 -34.59092253451398)
A74: 45820.926 | B74: 0.92638889 | C74: csp_0073 | D74: https://www.google.com/maps?q=-34.59111022949219,-58.39280319213867&z=17&hl=es | J74: Verduleria | O74: 725 | V74: no | W74: si | X74: 1 | Y74: POINT(-58.39287294117505 -34.590880534397805)
A75: 45820.927 | B75: 0.92708333 | C75: csp_0074 | D75: https://www.google.com/maps/@-34.5905887,-58.3932738,21z?hl=es&entry=ttu&g_ep=EgoyMDI2MDMxMS4wIKXMDSoASAFQAw%3D%3D | J75: Supermercado Carrefour Express | K75: 1290 | L75: 749 | M75: 949 | N75: 1290 | O75: 1590 | P75: 1788 | Q75: 13500 | V75: si | W75: si | X75: 1 | Y75: POINT(-58.39314941110279 -34.59060088690933)
A76: 45820.929 | B76: 0.92916667 | C76: csp_0075 | D76: https://www.google.com/maps?q=-34.59097671508789,-58.39504623413086&z=17&hl=es | J76: Almacen Chino | K76: 2200 | L76: 1000 | M76: 1400 | N76: 2300 | O76: 1500 | P76: 2700 | V76: no | W76: si | X76: 1 | Y76: POINT(-58.394997923984896 -34.59080002768448)
K77: leche | L77: harina | M77: azucar | N77: arroz | O77: papa | P77: fiambre/jc | Q77: carne pic
A78: 46002 | B78: 0.69861111 | C78: csp_0076 | D78: https://www.google.com/maps/place/Carnicer%C3%ADa+Rub%C3%A9n/@-34.5895037,-58.394738,21z/data=!4m6!3m5!1s0x95bcca987766253f:0x9a08e33acc0fc017!8m2!3d-34.589303!4d-58.394544!16s%2Fg%2F11b6v4jlsn?hl=es&entry=ttu&g_ep=EgoyMDI2MDMxMS4wIKXMDSoASAFQAw%3D%3D | J78: Verduleria | K78: =IFERROR(solapados_tanda1y2!$P$39*INDEX('z_datos originales'!$C$77:$Q$108,MATCH(limpieza_datos!$C78,'z_datos originales'!$C$77:$C$108,0),MATCH(limpieza_datos!$K$77,'z_datos originales'!$C$77:$Q$77,0)),"") -> 0 | L78: =IFERROR(solapados_tanda1y2!$P$39*INDEX('z_datos originales'!$C$77:$Q$108,MATCH(limpieza_datos!$C78,'z_datos originales'!$C$77:$C$108,0),MATCH(limpieza_datos!L$77,'z_datos originales'!$C$77:$Q$77,0)),"") -> 0 | M78: =IFERROR(solapados_tanda1y2!$P$39*INDEX('z_datos originales'!$C$77:$Q$108,MATCH(limpieza_datos!$C78,'z_datos originales'!$C$77:$C$108,0),MATCH(limpieza_datos!M$77,'z_datos originales'!$C$77:$Q$77,0)),"") -> 0 | N78: =IFERROR(solapados_tanda1y2!$P$39*INDEX('z_datos originales'!$C$77:$Q$108,MATCH(limpieza_datos!$C78,'z_datos originales'!$C$77:$C$108,0),MATCH(limpieza_datos!N$77,'z_datos originales'!$C$77:$Q$77,0)),"") -> 0 | O78: =IFERROR(solapados_tanda1y2!$P$39*INDEX('z_datos originales'!$C$77:$Q$108,MATCH(limpieza_datos!$C78,'z_datos originales'!$C$77:$C$108,0),MATCH(limpieza_datos!O$77,'z_datos originales'!$C$77:$Q$77,0)),"") -> 1107.6923 | P78: =IFERROR(solapados_tanda1y2!$P$39*INDEX('z_datos originales'!$C$77:$Q$108,MATCH(limpieza_datos!$C78,'z_datos originales'!$C$77:$C$108,0),MATCH(limpieza_datos!P$77,'z_datos originales'!$C$77:$Q$77,0)),"") -> 0 | Q78: =IFERROR(solapados_tanda1y2!$P$39*INDEX('z_datos originales'!$C$77:$Q$108,MATCH(limpieza_datos!$C78,'z_datos originales'!$C$77:$C$108,0),MATCH(limpieza_datos!Q$77,'z_datos originales'!$C$77:$Q$77,0)),"") -> 0 | V78: no | W78: si | X78: 2 | Y78: POINT(-58.39462362708994 -34.589355170420546)
A79: 46002 | B79: 0.7 | C79: csp_0077 | D79: https://www.google.com/maps/place/34%C2%B035'23.0%22S+58%C2%B023'40.3%22W/@-34.5897331,-58.3971023,17z/data=!3m1!4b1!4m4!3m3!8m2!3d-34.5897331!4d-58.3945274?hl=es&entry=ttu&g_ep=EgoyMDI2MDMwOC4wIKXMDSoASAFQAw%3D%3D | J79: Almacen Chino | K79: =IFERROR(solapados_tanda1y2!$P$39*INDEX('z_datos originales'!$C$77:$Q$108,MATCH(limpieza_datos!$C79,'z_datos originales'!$C$77:$C$108,0),MATCH(limpieza_datos!$K$77,'z_datos originales'!$C$77:$Q$77,0)),"") -> 1384.6154 | L79: =IFERROR(solapados_tanda1y2!$P$39*INDEX('z_datos originales'!$C$77:$Q$108,MATCH(limpieza_datos!$C79,'z_datos originales'!$C$77:$C$108,0),MATCH(limpieza_datos!L$77,'z_datos originales'!$C$77:$Q$77,0)),"") -> 1107.6923 | M79: =IFERROR(solapados_tanda1y2!$P$39*INDEX('z_datos originales'!$C$77:$Q$108,MATCH(limpieza_datos!$C79,'z_datos originales'!$C$77:$C$108,0),MATCH(limpieza_datos!M$77,'z_datos originales'!$C$77:$Q$77,0)),"") -> 1384.6154 | N79: =IFERROR(solapados_tanda1y2!$P$39*INDEX('z_datos originales'!$C$77:$Q$108,MATCH(limpieza_datos!$C79,'z_datos originales'!$C$77:$C$108,0),MATCH(limpieza_datos!N$77,'z_datos originales'!$C$77:$Q$77,0)),"") -> 1384.6154 | O79: =IFERROR(solapados_tanda1y2!$P$39*INDEX('z_datos originales'!$C$77:$Q$108,MATCH(limpieza_datos!$C79,'z_datos originales'!$C$77:$C$108,0),MATCH(limpieza_datos!O$77,'z_datos originales'!$C$77:$Q$77,0)),"") -> 0 | P79: =IFERROR(solapados_tanda1y2!$P$39*INDEX('z_datos originales'!$C$77:$Q$108,MATCH(limpieza_datos!$C79,'z_datos originales'!$C$77:$C$108,0),MATCH(limpieza_datos!P$77,'z_datos originales'!$C$77:$Q$77,0)),"") -> 1661.5385 | Q79: =IFERROR(solapados_tanda1y2!$P$39*INDEX('z_datos originales'!$C$77:$Q$108,MATCH(limpieza_datos!$C79,'z_datos originales'!$C$77:$C$108,0),MATCH(limpieza_datos!Q$77,'z_datos originales'!$C$77:$Q$77,0)),"") -> 0 | V79: no | W79: si | X79: 2 | Y79: POINT(-58.394527 -34.589733)
A80: 46002 | B80: 0.70277778 | C80: csp_0078 | D80: https://www.google.com/maps?q=-34.589942932128906,-58.39411926269531&z=17&hl=es | J80: Carniceria RES | K80: =IFERROR(solapados_tanda1y2!$P$39*INDEX('z_datos originales'!$C$77:$Q$108,MATCH(limpieza_datos!$C80,'z_datos originales'!$C$77:$C$108,0),MATCH(limpieza_datos!$K$77,'z_datos originales'!$C$77:$Q$77,0)),"") -> 0 | L80: =IFERROR(solapados_tanda1y2!$P$39*INDEX('z_datos originales'!$C$77:$Q$108,MATCH(limpieza_datos!$C80,'z_datos originales'!$C$77:$C$108,0),MATCH(limpieza_datos!L$77,'z_datos originales'!$C$77:$Q$77,0)),"") -> 0 | M80: =IFERROR(solapados_tanda1y2!$P$39*INDEX('z_datos originales'!$C$77:$Q$108,MATCH(limpieza_datos!$C80,'z_datos originales'!$C$77:$C$108,0),MATCH(limpieza_datos!M$77,'z_datos originales'!$C$77:$Q$77,0)),"") -> 0 | N80: =IFERROR(solapados_tanda1y2!$P$39*INDEX('z_datos originales'!$C$77:$Q$108,MATCH(limpieza_datos!$C80,'z_datos originales'!$C$77:$C$108,0),MATCH(limpieza_datos!N$77,'z_datos originales'!$C$77:$Q$77,0)),"") -> 0 | O80: =IFERROR(solapados_tanda1y2!$P$39*INDEX('z_datos originales'!$C$77:$Q$108,MATCH(limpieza_datos!$C80,'z_datos originales'!$C$77:$C$108,0),MATCH(limpieza_datos!O$77,'z_datos originales'!$C$77:$Q$77,0)),"") -> 0 | P80: =IFERROR(solapados_tanda1y2!$P$39*INDEX('z_datos originales'!$C$77:$Q$108,MATCH(limpieza_datos!$C80,'z_datos originales'!$C$77:$C$108,0),MATCH(limpieza_datos!P$77,'z_datos originales'!$C$77:$Q$77,0)),"") -> 0 | Q80: =IFERROR(solapados_tanda1y2!$P$39*INDEX('z_datos originales'!$C$77:$Q$108,MATCH(limpieza_datos!$C80,'z_datos originales'!$C$77:$C$108,0),MATCH(limpieza_datos!Q$77,'z_datos originales'!$C$77:$Q$77,0)),"") -> 12830.769 | V80: si | W80: si | X80: 2 | Y80: POINT(-58.394119 -34.589943)
A81: 46002 | B81: 0.70972222 | C81: csp_0079 | D81: https://www.google.com/maps?q=-34.59031295776367,-58.39366912841797&z=17&hl=es | J81: Fiambreria | K81: =IFERROR(solapados_tanda1y2!$P$39*INDEX('z_datos originales'!$C$77:$Q$108,MATCH(limpieza_datos!$C81,'z_datos originales'!$C$77:$C$108,0),MATCH(limpieza_datos!$K$77,'z_datos originales'!$C$77:$Q$77,0)),"") -> 0 | L81: =IFERROR(solapados_tanda1y2!$P$39*INDEX('z_datos originales'!$C$77:$Q$108,MATCH(limpieza_datos!$C81,'z_datos originales'!$C$77:$C$108,0),MATCH(limpieza_datos!L$77,'z_datos originales'!$C$77:$Q$77,0)),"") -> 0 | M81: =IFERROR(solapados_tanda1y2!$P$39*INDEX('z_datos originales'!$C$77:$Q$108,MATCH(limpieza_datos!$C81,'z_datos originales'!$C$77:$C$108,0),MATCH(limpieza_datos!M$77,'z_datos originales'!$C$77:$Q$77,0)),"") -> 0 | N81: =IFERROR(solapados_tanda1y2!$P$39*INDEX('z_datos originales'!$C$77:$Q$108,MATCH(limpieza_datos!$C81,'z_datos originales'!$C$77:$C$108,0),MATCH(limpieza_datos!N$77,'z_datos originales'!$C$77:$Q$77,0)),"") -> 0 | O81: =IFERROR(solapados_tanda1y2!$P$39*INDEX('z_datos originales'!$C$77:$Q$108,MATCH(limpieza_datos!$C81,'z_datos originales'!$C$77:$C$108,0),MATCH(limpieza_datos!O$77,'z_datos originales'!$C$77:$Q$77,0)),"") -> 0 | P81: =IFERROR(solapados_tanda1y2!$P$39*INDEX('z_datos originales'!$C$77:$Q$108,MATCH(limpieza_datos!$C81,'z_datos originales'!$C$77:$C$108,0),MATCH(limpieza_datos!P$77,'z_datos originales'!$C$77:$Q$77,0)),"") -> 2769.2308 | Q81: =IFERROR(solapados_tanda1y2!$P$39*INDEX('z_datos originales'!$C$77:$Q$108,MATCH(limpieza_datos!$C81,'z_datos originales'!$C$77:$C$108,0),MATCH(limpieza_datos!Q$77,'z_datos originales'!$C$77:$Q$77,0)),"") -> 0 | V81: no | W81: si | X81: 2 | Y81: POINT(-58.393669 -34.590313)
A82: 46002 | B82: 0.71875 | C82: csp_0083 | D82: https://www.google.com/maps?q=-34.592506408691406,-58.39102554321289&z=17&hl=es | J82: Carniceria RES | K82: =IFERROR(solapados_tanda1y2!$P$39*INDEX('z_datos originales'!$C$77:$Q$108,MATCH(limpieza_datos!$C82,'z_datos originales'!$C$77:$C$108,0),MATCH(limpieza_datos!$K$77,'z_datos originales'!$C$77:$Q$77,0)),"") -> 0 | L82: =IFERROR(solapados_tanda1y2!$P$39*INDEX('z_datos originales'!$C$77:$Q$108,MATCH(limpieza_datos!$C82,'z_datos originales'!$C$77:$C$108,0),MATCH(limpieza_datos!L$77,'z_datos originales'!$C$77:$Q$77,0)),"") -> 0 | M82: =IFERROR(solapados_tanda1y2!$P$39*INDEX('z_datos originales'!$C$77:$Q$108,MATCH(limpieza_datos!$C82,'z_datos originales'!$C$77:$C$108,0),MATCH(limpieza_datos!M$77,'z_datos originales'!$C$77:$Q$77,0)),"") -> 0 | N82: =IFERROR(solapados_tanda1y2!$P$39*INDEX('z_datos originales'!$C$77:$Q$108,MATCH(limpieza_datos!$C82,'z_datos originales'!$C$77:$C$108,0),MATCH(limpieza_datos!N$77,'z_datos originales'!$C$77:$Q$77,0)),"") -> 0 | O82: =IFERROR(solapados_tanda1y2!$P$39*INDEX('z_datos originales'!$C$77:$Q$108,MATCH(limpieza_datos!$C82,'z_datos originales'!$C$77:$C$108,0),MATCH(limpieza_datos!O$77,'z_datos originales'!$C$77:$Q$77,0)),"") -> 0 | P82: =IFERROR(solapados_tanda1y2!$P$39*INDEX('z_datos originales'!$C$77:$Q$108,MATCH(limpieza_datos!$C82,'z_datos originales'!$C$77:$C$108,0),MATCH(limpieza_datos!P$77,'z_datos originales'!$C$77:$Q$77,0)),"") -> 0 | Q82: =IFERROR(solapados_tanda1y2!$P$39*INDEX('z_datos originales'!$C$77:$Q$108,MATCH(limpieza_datos!$C82,'z_datos originales'!$C$77:$C$108,0),MATCH(limpieza_datos!Q$77,'z_datos originales'!$C$77:$Q$77,0)),"") -> 12830.769 | V82: si | W82: si | X82: 2 | Y82: POINT(-58.391026 -34.592506)
A83: 46002 | B83: 0.72152778 | C83: csp_0084 | D83: https://www.google.com/maps?q=-34.59082794189453,-58.39295196533203&z=17&hl=es | J83: Supermercado Carrefour Express | K83: =IFERROR(solapados_tanda1y2!$P$39*INDEX('z_datos originales'!$C$77:$Q$108,MATCH(limpieza_datos!$C83,'z_datos originales'!$C$77:$C$108,0),MATCH(limpieza_datos!$K$77,'z_datos originales'!$C$77:$Q$77,0)),"") -> 1098.4615 | L83: =IFERROR(solapados_tanda1y2!$P$39*INDEX('z_datos originales'!$C$77:$Q$108,MATCH(limpieza_datos!$C83,'z_datos originales'!$C$77:$C$108,0),MATCH(limpieza_datos!L$77,'z_datos originales'!$C$77:$Q$77,0)),"") -> 900 | M83: =IFERROR(solapados_tanda1y2!$P$39*INDEX('z_datos originales'!$C$77:$Q$108,MATCH(limpieza_datos!$C83,'z_datos originales'!$C$77:$C$108,0),MATCH(limpieza_datos!M$77,'z_datos originales'!$C$77:$Q$77,0)),"") -> 922.15385 | N83: =IFERROR(solapados_tanda1y2!$P$39*INDEX('z_datos originales'!$C$77:$Q$108,MATCH(limpieza_datos!$C83,'z_datos originales'!$C$77:$C$108,0),MATCH(limpieza_datos!N$77,'z_datos originales'!$C$77:$Q$77,0)),"") -> 1098.4615 | O83: =IFERROR(solapados_tanda1y2!$P$39*INDEX('z_datos originales'!$C$77:$Q$108,MATCH(limpieza_datos!$C83,'z_datos originales'!$C$77:$C$108,0),MATCH(limpieza_datos!O$77,'z_datos originales'!$C$77:$Q$77,0)),"") -> 1384.6154 | P83: =IFERROR(solapados_tanda1y2!$P$39*INDEX('z_datos originales'!$C$77:$Q$108,MATCH(limpieza_datos!$C83,'z_datos originales'!$C$77:$C$108,0),MATCH(limpieza_datos!P$77,'z_datos originales'!$C$77:$Q$77,0)),"") -> 2030.7692 | Q83: =IFERROR(solapados_tanda1y2!$P$39*INDEX('z_datos originales'!$C$77:$Q$108,MATCH(limpieza_datos!$C83,'z_datos originales'!$C$77:$C$108,0),MATCH(limpieza_datos!Q$77,'z_datos originales'!$C$77:$Q$77,0)),"") -> 12913.846 | V83: si | W83: si | X83: 2 | Y83: POINT(-58.392952 -34.590828)
A84: 46002 | B84: 0.7375 | C84: csp_0085 | D84: https://www.google.com/maps?q=-34.5910758972168,-58.390586853027344&z=17&hl=es | J84: Verduleria | K84: =IFERROR(solapados_tanda1y2!$P$39*INDEX('z_datos originales'!$C$77:$Q$108,MATCH(limpieza_datos!$C84,'z_datos originales'!$C$77:$C$108,0),MATCH(limpieza_datos!$K$77,'z_datos originales'!$C$77:$Q$77,0)),"") -> 0 | L84: =IFERROR(solapados_tanda1y2!$P$39*INDEX('z_datos originales'!$C$77:$Q$108,MATCH(limpieza_datos!$C84,'z_datos originales'!$C$77:$C$108,0),MATCH(limpieza_datos!L$77,'z_datos originales'!$C$77:$Q$77,0)),"") -> 0 | M84: =IFERROR(solapados_tanda1y2!$P$39*INDEX('z_datos originales'!$C$77:$Q$108,MATCH(limpieza_datos!$C84,'z_datos originales'!$C$77:$C$108,0),MATCH(limpieza_datos!M$77,'z_datos originales'!$C$77:$Q$77,0)),"") -> 0 | N84: =IFERROR(solapados_tanda1y2!$P$39*INDEX('z_datos originales'!$C$77:$Q$108,MATCH(limpieza_datos!$C84,'z_datos originales'!$C$77:$C$108,0),MATCH(limpieza_datos!N$77,'z_datos originales'!$C$77:$Q$77,0)),"") -> 0 | O84: =IFERROR(solapados_tanda1y2!$P$39*INDEX('z_datos originales'!$C$77:$Q$108,MATCH(limpieza_datos!$C84,'z_datos originales'!$C$77:$C$108,0),MATCH(limpieza_datos!O$77,'z_datos originales'!$C$77:$Q$77,0)),"") -> 923.07692 | P84: =IFERROR(solapados_tanda1y2!$P$39*INDEX('z_datos originales'!$C$77:$Q$108,MATCH(limpieza_datos!$C84,'z_datos originales'!$C$77:$C$108,0),MATCH(limpieza_datos!P$77,'z_datos originales'!$C$77:$Q$77,0)),"") -> 0 | Q84: =IFERROR(solapados_tanda1y2!$P$39*INDEX('z_datos originales'!$C$77:$Q$108,MATCH(limpieza_datos!$C84,'z_datos originales'!$C$77:$C$108,0),MATCH(limpieza_datos!Q$77,'z_datos originales'!$C$77:$Q$77,0)),"") -> 0 | V84: no | W84: si | X84: 2 | Y84: POINT(-58.390587 -34.591076)
A85: 46002 | B85: 0.73819444 | C85: csp_0086 | D85: https://www.google.com/maps?q=-34.59125900268555,-58.39048385620117&z=17&hl=es | J85: Almacen Chino | K85: =IFERROR(solapados_tanda1y2!$P$39*INDEX('z_datos originales'!$C$77:$Q$108,MATCH(limpieza_datos!$C85,'z_datos originales'!$C$77:$C$108,0),MATCH(limpieza_datos!$K$77,'z_datos originales'!$C$77:$Q$77,0)),"") -> 1753.8462 | L85: =IFERROR(solapados_tanda1y2!$P$39*INDEX('z_datos originales'!$C$77:$Q$108,MATCH(limpieza_datos!$C85,'z_datos originales'!$C$77:$C$108,0),MATCH(limpieza_datos!L$77,'z_datos originales'!$C$77:$Q$77,0)),"") -> 1107.6923 | M85: =IFERROR(solapados_tanda1y2!$P$39*INDEX('z_datos originales'!$C$77:$Q$108,MATCH(limpieza_datos!$C85,'z_datos originales'!$C$77:$C$108,0),MATCH(limpieza_datos!M$77,'z_datos originales'!$C$77:$Q$77,0)),"") -> 1661.5385 | N85: =IFERROR(solapados_tanda1y2!$P$39*INDEX('z_datos originales'!$C$77:$Q$108,MATCH(limpieza_datos!$C85,'z_datos originales'!$C$77:$C$108,0),MATCH(limpieza_datos!N$77,'z_datos originales'!$C$77:$Q$77,0)),"") -> 2769.2308 | O85: =IFERROR(solapados_tanda1y2!$P$39*INDEX('z_datos originales'!$C$77:$Q$108,MATCH(limpieza_datos!$C85,'z_datos originales'!$C$77:$C$108,0),MATCH(limpieza_datos!O$77,'z_datos originales'!$C$77:$Q$77,0)),"") -> 0 | P85: =IFERROR(solapados_tanda1y2!$P$39*INDEX('z_datos originales'!$C$77:$Q$108,MATCH(limpieza_datos!$C85,'z_datos originales'!$C$77:$C$108,0),MATCH(limpieza_datos!P$77,'z_datos originales'!$C$77:$Q$77,0)),"") -> 0 | Q85: =IFERROR(solapados_tanda1y2!$P$39*INDEX('z_datos originales'!$C$77:$Q$108,MATCH(limpieza_datos!$C85,'z_datos originales'!$C$77:$C$108,0),MATCH(limpieza_datos!Q$77,'z_datos originales'!$C$77:$Q$77,0)),"") -> 9230.7692 | V85: no | W85: si | X85: 2 | Y85: POINT(-58.390484 -34.591259)
A86: 46002 | B86: 0.74097222 | C86: csp_0087 | D86: https://www.google.com/maps?q=-34.59193801879883,-58.389732360839844&z=17&hl=es | J86: Supermercado Carrefour Market | K86: =IFERROR(solapados_tanda1y2!$P$39*INDEX('z_datos originales'!$C$77:$Q$108,MATCH(limpieza_datos!$C86,'z_datos originales'!$C$77:$C$108,0),MATCH(limpieza_datos!$K$77,'z_datos originales'!$C$77:$Q$77,0)),"") -> 1098.4615 | L86: =IFERROR(solapados_tanda1y2!$P$39*INDEX('z_datos originales'!$C$77:$Q$108,MATCH(limpieza_datos!$C86,'z_datos originales'!$C$77:$C$108,0),MATCH(limpieza_datos!L$77,'z_datos originales'!$C$77:$Q$77,0)),"") -> 900 | M86: =IFERROR(solapados_tanda1y2!$P$39*INDEX('z_datos originales'!$C$77:$Q$108,MATCH(limpieza_datos!$C86,'z_datos originales'!$C$77:$C$108,0),MATCH(limpieza_datos!M$77,'z_datos originales'!$C$77:$Q$77,0)),"") -> 922.15385 | N86: =IFERROR(solapados_tanda1y2!$P$39*INDEX('z_datos originales'!$C$77:$Q$108,MATCH(limpieza_datos!$C86,'z_datos originales'!$C$77:$C$108,0),MATCH(limpieza_datos!N$77,'z_datos originales'!$C$77:$Q$77,0)),"") -> 1098.4615 | O86: =IFERROR(solapados_tanda1y2!$P$39*INDEX('z_datos originales'!$C$77:$Q$108,MATCH(limpieza_datos!$C86,'z_datos originales'!$C$77:$C$108,0),MATCH(limpieza_datos!O$77,'z_datos originales'!$C$77:$Q$77,0)),"") -> 1384.6154 | P86: =IFERROR(solapados_tanda1y2!$P$39*INDEX('z_datos originales'!$C$77:$Q$108,MATCH(limpieza_datos!$C86,'z_datos originales'!$C$77:$C$108,0),MATCH(limpieza_datos!P$77,'z_datos originales'!$C$77:$Q$77,0)),"") -> 2030.7692 | Q86: =IFERROR(solapados_tanda1y2!$P$39*INDEX('z_datos originales'!$C$77:$Q$108,MATCH(limpieza_datos!$C86,'z_datos originales'!$C$77:$C$108,0),MATCH(limpieza_datos!Q$77,'z_datos originales'!$C$77:$Q$77,0)),"") -> 12913.846 | V86: si | W86: si | X86: 2 | Y86: POINT(-58.389732 -34.591938)
A87: 46002 | B87: 0.76111111 | C87: csp_0089 | D87: https://www.google.com/maps?q=-34.59189224243164,-58.38420104980469&z=17&hl=es | J87: Almacen | K87: =IFERROR(solapados_tanda1y2!$P$39*INDEX('z_datos originales'!$C$77:$Q$108,MATCH(limpieza_datos!$C87,'z_datos originales'!$C$77:$C$108,0),MATCH(limpieza_datos!$K$77,'z_datos originales'!$C$77:$Q$77,0)),"") -> 2030.7692 | L87: =IFERROR(solapados_tanda1y2!$P$39*INDEX('z_datos originales'!$C$77:$Q$108,MATCH(limpieza_datos!$C87,'z_datos originales'!$C$77:$C$108,0),MATCH(limpieza_datos!L$77,'z_datos originales'!$C$77:$Q$77,0)),"") -> 2030.7692 | M87: =IFERROR(solapados_tanda1y2!$P$39*INDEX('z_datos originales'!$C$77:$Q$108,MATCH(limpieza_datos!$C87,'z_datos originales'!$C$77:$C$108,0),MATCH(limpieza_datos!M$77,'z_datos originales'!$C$77:$Q$77,0)),"") -> 1846.1538 | N87: =IFERROR(solapados_tanda1y2!$P$39*INDEX('z_datos originales'!$C$77:$Q$108,MATCH(limpieza_datos!$C87,'z_datos originales'!$C$77:$C$108,0),MATCH(limpieza_datos!N$77,'z_datos originales'!$C$77:$Q$77,0)),"") -> 0 | O87: =IFERROR(solapados_tanda1y2!$P$39*INDEX('z_datos originales'!$C$77:$Q$108,MATCH(limpieza_datos!$C87,'z_datos originales'!$C$77:$C$108,0),MATCH(limpieza_datos!O$77,'z_datos originales'!$C$77:$Q$77,0)),"") -> 1846.1538 | P87: =IFERROR(solapados_tanda1y2!$P$39*INDEX('z_datos originales'!$C$77:$Q$108,MATCH(limpieza_datos!$C87,'z_datos originales'!$C$77:$C$108,0),MATCH(limpieza_datos!P$77,'z_datos originales'!$C$77:$Q$77,0)),"") -> 0 | Q87: =IFERROR(solapados_tanda1y2!$P$39*INDEX('z_datos originales'!$C$77:$Q$108,MATCH(limpieza_datos!$C87,'z_datos originales'!$C$77:$C$108,0),MATCH(limpieza_datos!Q$77,'z_datos originales'!$C$77:$Q$77,0)),"") -> 0 | V87: no | W87: si | X87: 2 | Y87: POINT(-58.384201 -34.591892)
A88: 46002 | B88: 0.76319444 | C88: csp_0090 | D88: https://www.google.com/maps?q=-34.59242630004883,-58.384403228759766&z=17&hl=es | J88: Almacen Chino | K88: =IFERROR(solapados_tanda1y2!$P$39*INDEX('z_datos originales'!$C$77:$Q$108,MATCH(limpieza_datos!$C88,'z_datos originales'!$C$77:$C$108,0),MATCH(limpieza_datos!$K$77,'z_datos originales'!$C$77:$Q$77,0)),"") -> 1753.8462 | L88: =IFERROR(solapados_tanda1y2!$P$39*INDEX('z_datos originales'!$C$77:$Q$108,MATCH(limpieza_datos!$C88,'z_datos originales'!$C$77:$C$108,0),MATCH(limpieza_datos!L$77,'z_datos originales'!$C$77:$Q$77,0)),"") -> 1200 | M88: =IFERROR(solapados_tanda1y2!$P$39*INDEX('z_datos originales'!$C$77:$Q$108,MATCH(limpieza_datos!$C88,'z_datos originales'!$C$77:$C$108,0),MATCH(limpieza_datos!M$77,'z_datos originales'!$C$77:$Q$77,0)),"") -> 1384.6154 | N88: =IFERROR(solapados_tanda1y2!$P$39*INDEX('z_datos originales'!$C$77:$Q$108,MATCH(limpieza_datos!$C88,'z_datos originales'!$C$77:$C$108,0),MATCH(limpieza_datos!N$77,'z_datos originales'!$C$77:$Q$77,0)),"") -> 2584.6154 | O88: =IFERROR(solapados_tanda1y2!$P$39*INDEX('z_datos originales'!$C$77:$Q$108,MATCH(limpieza_datos!$C88,'z_datos originales'!$C$77:$C$108,0),MATCH(limpieza_datos!O$77,'z_datos originales'!$C$77:$Q$77,0)),"") -> 1384.6154 | P88: =IFERROR(solapados_tanda1y2!$P$39*INDEX('z_datos originales'!$C$77:$Q$108,MATCH(limpieza_datos!$C88,'z_datos originales'!$C$77:$C$108,0),MATCH(limpieza_datos!P$77,'z_datos originales'!$C$77:$Q$77,0)),"") -> 1384.6154 | Q88: =IFERROR(solapados_tanda1y2!$P$39*INDEX('z_datos originales'!$C$77:$Q$108,MATCH(limpieza_datos!$C88,'z_datos originales'!$C$77:$C$108,0),MATCH(limpieza_datos!Q$77,'z_datos originales'!$C$77:$Q$77,0)),"") -> 0 | V88: no | W88: si | X88: 2 | Y88: POINT(-58.384403 -34.592426)
A89: 46002 | B89: 0.77986111 | C89: csp_0092 | D89: https://www.google.com/maps?q=-34.58774948120117,-58.38578796386719&z=17&hl=es | J89: Almacen | K89: =IFERROR(solapados_tanda1y2!$P$39*INDEX('z_datos originales'!$C$77:$Q$108,MATCH(limpieza_datos!$C89,'z_datos originales'!$C$77:$C$108,0),MATCH(limpieza_datos!$K$77,'z_datos originales'!$C$77:$Q$77,0)),"") -> 0 | L89: =IFERROR(solapados_tanda1y2!$P$39*INDEX('z_datos originales'!$C$77:$Q$108,MATCH(limpieza_datos!$C89,'z_datos originales'!$C$77:$C$108,0),MATCH(limpieza_datos!L$77,'z_datos originales'!$C$77:$Q$77,0)),"") -> 0 | M89: =IFERROR(solapados_tanda1y2!$P$39*INDEX('z_datos originales'!$C$77:$Q$108,MATCH(limpieza_datos!$C89,'z_datos originales'!$C$77:$C$108,0),MATCH(limpieza_datos!M$77,'z_datos originales'!$C$77:$Q$77,0)),"") -> 1476.9231 | N89: =IFERROR(solapados_tanda1y2!$P$39*INDEX('z_datos originales'!$C$77:$Q$108,MATCH(limpieza_datos!$C89,'z_datos originales'!$C$77:$C$108,0),MATCH(limpieza_datos!N$77,'z_datos originales'!$C$77:$Q$77,0)),"") -> 3692.3077 | O89: =IFERROR(solapados_tanda1y2!$P$39*INDEX('z_datos originales'!$C$77:$Q$108,MATCH(limpieza_datos!$C89,'z_datos originales'!$C$77:$C$108,0),MATCH(limpieza_datos!O$77,'z_datos originales'!$C$77:$Q$77,0)),"") -> 1384.6154 | P89: =IFERROR(solapados_tanda1y2!$P$39*INDEX('z_datos originales'!$C$77:$Q$108,MATCH(limpieza_datos!$C89,'z_datos originales'!$C$77:$C$108,0),MATCH(limpieza_datos!P$77,'z_datos originales'!$C$77:$Q$77,0)),"") -> 0 | Q89: =IFERROR(solapados_tanda1y2!$P$39*INDEX('z_datos originales'!$C$77:$Q$108,MATCH(limpieza_datos!$C89,'z_datos originales'!$C$77:$C$108,0),MATCH(limpieza_datos!Q$77,'z_datos originales'!$C$77:$Q$77,0)),"") -> 0 | V89: no | W89: si | X89: 2 | Y89: POINT(-58.385788 -34.587750)
... A99: 46002 | B99: 0.85347222 | C99: csp_0106 | D99: https://www.google.com/maps?q=-34.58884811401367,-58.383033752441406&z=17&hl=es | J99: Verduleria | K99: =IFERROR(solapados_tanda1y2!$P$39*INDEX('z_datos originales'!$C$77:$Q$108,MATCH(limpieza_datos!$C99,'z_datos originales'!$C$77:$C$108,0),MATCH(limpieza_datos!$K$77,'z_datos originales'!$C$77:$Q$77,0)),"") -> 0 | L99: =IFERROR(solapados_tanda1y2!$P$39*INDEX('z_datos originales'!$C$77:$Q$108,MATCH(limpieza_datos!$C99,'z_datos originales'!$C$77:$C$108,0),MATCH(limpieza_datos!L$77,'z_datos originales'!$C$77:$Q$77,0)),"") -> 0 | M99: =IFERROR(solapados_tanda1y2!$P$39*INDEX('z_datos originales'!$C$77:$Q$108,MATCH(limpieza_datos!$C99,'z_datos originales'!$C$77:$C$108,0),MATCH(limpieza_datos!M$77,'z_datos originales'!$C$77:$Q$77,0)),"") -> 0 | N99: =IFERROR(solapados_tanda1y2!$P$39*INDEX('z_datos originales'!$C$77:$Q$108,MATCH(limpieza_datos!$C99,'z_datos originales'!$C$77:$C$108,0),MATCH(limpieza_datos!N$77,'z_datos originales'!$C$77:$Q$77,0)),"") -> 0 | O99: =IFERROR(solapados_tanda1y2!$P$39*INDEX('z_datos originales'!$C$77:$Q$108,MATCH(limpieza_datos!$C99,'z_datos originales'!$C$77:$C$108,0),MATCH(limpieza_datos!O$77,'z_datos originales'!$C$77:$Q$77,0)),"") -> 1846.1538 | P99: =IFERROR(solapados_tanda1y2!$P$39*INDEX('z_datos originales'!$C$77:$Q$108,MATCH(limpieza_datos!$C99,'z_datos originales'!$C$77:$C$108,0),MATCH(limpieza_datos!P$77,'z_datos originales'!$C$77:$Q$77,0)),"") -> 0 | Q99: =IFERROR(solapados_tanda1y2!$P$39*INDEX('z_datos originales'!$C$77:$Q$108,MATCH(limpieza_datos!$C99,'z_datos originales'!$C$77:$C$108,0),MATCH(limpieza_datos!Q$77,'z_datos originales'!$C$77:$Q$77,0)),"") -> 0 | V99: no | W99: si | X99: 2 | Y99: POINT(-58.383034 -34.588848)
X101: 3
X102: 3
X103: 3
X104: 3
X105: 3
X106: 3
X107: 3
X108: 3
X109: 3
X110: 3

Sheet z_datos originales
A1: fecha_hora_cest | B1: marca_temp_CEST | C1: id_comercio | D1: link | E1: sector_bm | F1: Calle | G1: Altura | H1: direccion | I1: ID_direcciones | J1: Rubro | K1: leche | L1: harina | M1: azucar | N1: arroz | O1: papa | P1: fiambre/jc | Q1: carne pic | R1: ¿Cuáles son los principales factores que encarecen los productos que vendés? | S1: Inquilino/ Propietario | T1: Alquiler | U1: Dificultades para abastecerse, otros comentarios | V1: cadena | W1: relevado | X1: tanda | Y1: geometry | Z1: numero real
A2: 45818.953 | B2: 0.95277778 | C2: csp_0001 | D2: https://maps.google.com/maps?q=-34.59994888305664%2C-58.37699508666992&z=17&hl=es | J2: Supermercado Carrefour Express | K2: 1485 | L2: 749 | M2: 1050 | N2: 1690 | O2: 1490 | P2: 1790 | V2: si | W2: si | X2: 1 | Y2: POINT(-58.376946823984355 -34.599772246759564)
A3: 45818.955 | B3: 0.95486111 | C3: csp_0002 | D3: https://maps.google.com/maps?q=-34.59996032714844%2C-58.37679672241211&z=17&hl=es | J3: Carniceria RES | Q3: 5450 | V3: si | W3: si | X3: 1 | Y3: POINT(-58.37675915281983 -34.599783646783784)
A4: 45818.956 | B4: 0.95625 | C4: csp_0003 | D4: https://maps.google.com/maps?q=-34.599769592285156%2C-58.376834869384766&z=17&hl=es | J4: Almacen | N4: 1800 | O4: 750 | P4: 1500 | V4: no | W4: si | X4: 1 | Y4: POINT(-58.376872454668245 -34.59954878967517)
A5: 45818.958 | B5: 0.95833333 | C5: csp_0004 | D5: https://maps.google.com/maps?q=-34.598236083984375%2C-58.376956939697266&z=17&hl=es | J5: Almacen Chino | K5: 1300 | L5: 800 | M5: 900 | N5: 1400 | P5: 1200 | V5: no | W5: si | X5: 1 | Y5: POINT(-58.37690862398452 -34.59804178011319)
A6: 45818.96 | B6: 0.96041667 | C6: csp_0005 | D6: https://maps.google.com/maps?q=-34.59791946411133%2C-58.37689971923828&z=17&hl=es | J6: Carniceria Fiambreria | P6: 1950 | V6: si | W6: si | X6: 1 | Y6: POINT(-58.37691579699724 -34.597707516297156)
A7: 45818.961 | B7: 0.96111111 | C7: csp_0006 | D7: https://maps.google.com/maps?q=-34.59733581542969%2C-58.37691879272461&z=17&hl=es | J7: Supermercado Carrefour Express | K7: 1290 | L7: 749 | M7: 949 | N7: 1400 | O7: 1490 | P7: 1790 | V7: si | W7: si | X7: 1 | Y7: POINT(-58.37692416816192 -34.59711498320661)
A8: 45818.966 | B8: 0.96597222 | C8: csp_0007 | D8: https://maps.google.com/maps?q=-34.596309661865234%2C-58.37836837768555&z=17&hl=es | J8: Carniceria RES | Q8: 5450 | V8: si | W8: si | X8: 1 | Y8: POINT(-58.37833085282006 -34.59612420731531)
A9: 45818.967 | B9: 0.96666667 | C9: csp_0008 | D9: https://maps.google.com/maps?q=-34.59626770019531%2C-58.37843322753906&z=17&hl=es | J9: Almacen | K9: 2400 | L9: 1300 | M9: 1600 | N9: 2400 | P9: 1700 | V9: no | W9: si | X9: 1 | Y9: POINT(-58.37836346631361 -34.59609103893263)
A10: 45818.968 | B10: 0.96805556 | C10: csp_0009 | D10: https://maps.google.com/maps?q=-34.59589767456055%2C-58.37848663330078&z=17&hl=es | J10: Supermercado Carrefour Express | K10: 1290 | L10: 749 | M10: 899 | N10: 1290 | O10: 1490 | P10: 1785 | V10: si | W10: si | X10: 1 | Y10: POINT(-58.37839540864261 -34.59571220639564)
A11: 45818.974 | B11: 0.97430556 | C11: csp_0010 | D11: https://maps.google.com/maps?q=-34.5966682434082%2C-58.37837600708008&z=17&hl=es | J11: Almacen Chino | K11: 1800 | L11: 1500 | M11: 1300 | N11: 1000 | P11: 1000 | V11: no | W11: si | X11: 1 | Y11: POINT(-58.378327723984455 -34.596403223057045)
A12: 45818.976 | B12: 0.97638889 | C12: csp_0011 | D12: https://maps.google.com/maps?q=-34.59672546386719%2C-58.37849044799805&z=17&hl=es | J12: Verduleria | O12: 1000 | V12: no | W12: si | X12: 1 | Y12: POINT(-58.37844212398452 -34.59655767156747)
A13: 45818.978 | B13: 0.97777778 | C13: csp_0012 | D13: https://www.google.com/maps/place/34%C2%B035'50.5%22S+58%C2%B022'44.1%22W/@-34.5975982,-58.3788232,21z/data=!4m4!3m3!8m2!3d-34.5973587!4d-58.3789177?hl=es&entry=ttu&g_ep=EgoyMDI2MDMxMS4wIKXMDSoASAFQAw%3D%3D | J13: Almacen | L13: 1800 | M13: 2000 | P13: 1300 | V13: no | W13: si | X13: 1 | Y13: POINT(-58.37869881477214 -34.5976081096709)
A14: 45818.978 | B14: 0.97847222 | C14: csp_0013 | D14: https://maps.google.com/maps?q=-34.59750747680664%2C-58.3781852722168&z=17&hl=es | J14: Supermercado Dia | K14: 1740 | L14: 790 | M14: 990 | N14: 1190 | P14: 2410 | V14: si | W14: si | X14: 1 | Y14: POINT(-58.378201396997426 -34.597295515245946)
A15: 45818.981 | B15: 0.98125 | C15: csp_0014 | D15: https://maps.google.com/maps?q=-34.59797668457031%2C-58.378299713134766&z=17&hl=es | J15: Almacen | N15: 1800 | O15: 1000 | V15: no | W15: si | X15: 1 | Y15: POINT(-58.378272881655505 -34.59776471644315)
A16: 45818.983 | B16: 0.98263889 | C16: csp_0015 | D16: https://maps.google.com/maps?q=-34.598628997802734%2C-58.37840270996094&z=17&hl=es | J16: Supermercado Carrefour Express | K16: 1290 | L16: 749 | M16: 899 | N16: 1290 | O16: 1490 | P16: 1785 | V16: si | W16: si | X16: 1 | Y16: POINT(-58.3784617123392 -34.59848766978374)
A17: 45818.986 | B17: 0.98611111 | C17: csp_0016 | D17: https://maps.google.com/maps?q=-34.60411071777344%2C-58.3782844543457&z=17&hl=es | J17: Almacen | K17: 1900 | L17: 1300 | M17: 1400 | N17: 2600 | P17: 1035 | V17: no | W17: si | X17: 1 | Y17: POINT(-58.37825768165517 -34.603881070332164)
A18: 45818.99 | B18: 0.99027778 | C18: csp_0017 | D18: https://maps.google.com/maps?q=-34.60270690917969%2C-58.37809371948242&z=17&hl=es | J18: Fiambreria | N18: 2200 | O18: 900 | P18: 1742 | V18: no | W18: si | X18: 1 | Y18: POINT(-58.37807761049078 -34.60250375954193)
A19: 45818.991 | B19: 0.99097222 | C19: csp_0018 | D19: https://maps.google.com/maps?q=-34.60324478149414%2C-58.3781623840332&z=17&hl=es | J19: Supermercado Carrefour Express | K19: 1290 | L19: 749 | M19: 899 | N19: 1290 | O19: 1490 | P19: 1785 | V19: si | W19: si | X19: 1 | Y19: POINT(-58.378135581655215 -34.60302399891231)
A20: 45818.997 | B20: 0.99652778 | C20: csp_0019 | D20: https://maps.google.com/maps?q=-34.601531982421875%2C-58.37953186035156&z=17&hl=es | J20: Almacen Chino | K20: 1700 | L20: 900 | M20: 1300 | N20: 1200 | O20: 1000 | P20: 1600 | Q20: 8600 | V20: no | W20: si | X20: 1 | Y20: POINT(-58.379472895148915 -34.60132885666888)
A21: 45818.999 | B21: 0.99930556 | C21: csp_0020 | D21: https://maps.google.com/maps?q=-34.599891662597656%2C-58.37984848022461&z=17&hl=es | J21: Verduleria | O21: 1000 | V21: no | W21: si | X21: 1 | Y21: POINT(-58.37983241049086 -34.599679721329295)
A22: 45819 | B22: 0 | C22: csp_0021 | D22: https://maps.google.com/maps?q=-34.599876403808594%2C-58.379634857177734&z=17&hl=es | J22: Supermercado Dia | K22: 1390 | L22: 790 | M22: 990 | N22: 1600 | P22: 2145 | V22: si | W22: si | X22: 1 | Y22: POINT(-58.379683183503644 -34.599664421290306)
A23: 45819.003 | B23: 0.0027777778 | C23: csp_0022 | D23: https://maps.google.com/maps?q=-34.59871292114258%2C-58.37973403930664&z=17&hl=es | J23: Almacen | M23: 1500 | N23: 1800 | V23: no | W23: si | X23: 1 | Y23: POINT(-58.37975009699739 -34.59856273847909)
A24: 45819.003 | B24: 0.0034722222 | C24: csp_0023 | D24: https://maps.google.com/maps?q=-34.5986896%2C-58.3797565&z=17&hl=es | J24: Verduleria | O24: 800 | V24: no | W24: si | X24: 1 | Y24: POINT(-58.379740410490925 -34.59846878680459)
A25: 45819.005 | B25: 0.0048611111 | C25: csp_0024 | D25: https://maps.google.com/maps?q=-34.598295%2C-58.3797894&z=17&hl=es | J25: Almacen | L25: 2500 | N25: 2000 | V25: no | W25: si | X25: 1 | Y25: POINT(-58.379773310490876 -34.59810951174743)
A26: 45819.006 | B26: 0.0055555556 | C26: csp_0025 | D26: https://maps.google.com/maps?q=-34.5980989%2C-58.3797356&z=17&hl=es | J26: Almacen | M26: 1100 | N26: 1800 | O26: 700 | P26: 1200 | Q26: 14500 | V26: no | W26: si | X26: 1 | Y26: POINT(-58.3797624258329 -34.59795756888206)
A27: 45819.009 | B27: 0.0090277778 | C27: csp_0026 | D27: https://maps.google.com/maps?q=-34.5971262%2C-58.3798431&z=17&hl=es | J27: Almacen Chino | L27: 1500 | M27: 1700 | N27: 2000 | O27: 1200 | P27: 1500 | Q27: 900 | V27: no | W27: si | X27: 1 | Y27: POINT(-58.379805552819946 -34.59694954075799)
A28: 45820.735 | B28: 0.73541667 | C28: csp_0027 | D28: https://maps.google.com/maps?q=-34.59231185913086%2C-58.37621307373047&z=17&hl=es | J28: Almacen Chino | K28: 1600 | L28: 1000 | M28: 1500 | N28: 1800 | O28: 1000 | P28: 2300 | V28: no | W28: si | X28: 1 | Y28: POINT(-58.376207739326574 -34.592117566258686)
A29: 45820.746 | B29: 0.74583333 | C29: csp_0028 | D29: https://maps.google.com/maps?q=-34.58771896362305%2C-58.38430404663086&z=17&hl=es | J29: Almacen Chino | K29: 1400 | L29: 2000 | M29: 2000 | N29: 4000 | P29: 2136 | V29: no | W29: si | X29: 1 | Y29: POINT(-58.384298639326836 -34.587533488139755)
A30: 45820.751 | B30: 0.75069444 | C30: csp_0029 | D30: https://maps.google.com/maps?q=-34.586002349853516%2C-58.387351989746094&z=17&hl=es | J30: Verduleria | O30: 1333 | V30: no | W30: si | X30: 1 | Y30: POINT(-58.38738955466894 -34.58580795150509)
A31: 45820.751 | B31: 0.75138889 | C31: csp_0030 | D31: https://maps.google.com/maps?q=-34.585933685302734%2C-58.387969970703125&z=17&hl=es | J31: Supermercado Carrefour Express | K31: 1290 | L31: 749 | M31: 949 | N31: 1290 | O31: 1400 | P31: 1788 | Q31: 9350 | V31: si | W31: si | X31: 1 | Y31: POINT(-58.38795391049146 -34.585721685720785)
A32: 45820.76 | B32: 0.75972222 | C32: csp_0031 | D32: https://maps.google.com/maps?q=-34.5875244140625%2C-58.38737106323242&z=17&hl=es | J32: Kiosco Mini Market | K32: 2100 | L32: 1200 | M32: 2000 | N32: 5200 | U32: (U marca de cada producto, y pocos ejemplares por producto. muy poco provisto) | V32: no | W32: si | X32: 1 | Y32: POINT(-58.38743011233964 -34.58733888770553)
A33: 45820.77 | B33: 0.77013889 | C33: csp_0032 | D33: https://www.google.com/maps/@-34.5917245,-58.3792782,21z?hl=es&entry=ttu&g_ep=EgoyMDI2MDMxMS4wIKXMDSoASAFQAw%3D%3D | J33: Almacen | K33: 1485 | L33: 940 | M33: 949 | N33: 1400 | O33: 1400 | P33: 1288 | V33: no | W33: si | X33: 1 | Y33: POINT(-58.37935967209949 -34.59165991469645)
A34: 45820.774 | B34: 0.77361111 | C34: csp_0033 | D34: https://maps.google.com/maps?q=-34.59185791015625%2C-58.378448486328125&z=17&hl=es | J34: Supermercado Disco | K34: 1290 | L34: 870 | M34: 1080 | N34: 1050 | O34: 1629 | P34: 1845 | Q34: 5315 | V34: si | W34: si | X34: 1 | Y34: POINT(-58.3784753258331 -34.59167239737799)
A35: 45820.781 | B35: 0.78125 | C35: csp_0034 | D35: https://www.google.com/maps/@-34.5928267,-58.3763974,21z?hl=es&entry=ttu&g_ep=EgoyMDI2MDMxMS4wIKXMDSoASAFQAw%3D%3D | J35: Almacen | L35: 1000 | N35: 1400 | O35: 1500 | V35: no | W35: si | X35: 1 | Y35: POINT(-58.376197216356985 -34.5928172847864)
A36: 45820.787 | B36: 0.78680556 | C36: csp_0035 | D36: https://www.google.com/maps/@-34.5940337,-58.3793313,21z?hl=es&entry=ttu&g_ep=EgoyMDI2MDMxMS4wIKXMDSoASAFQAw%3D%3D | J36: Supermercado Jumbo | K36: 1950 | L36: 870 | M36: 1080 | N36: 1550 | O36: 969 | P36: 139 | Q36: 8855 | V36: si | W36: si | X36: 1 | Y36: POINT(-58.37937322983343 -34.5941396898721)
A37: 45820.792 | B37: 0.79236111 | C37: csp_0036 | D37: https://www.google.com/maps?q=-34.594242095947266,-58.38105392456055&z=17&hl=es | J37: Supermercado Carrefour Express | K37: 1290 | L37: 749 | M37: 949 | N37: 1290 | O37: 1590 | P37: 1788 | V37: si | W37: si | X37: 1 | Y37: POINT(-58.38104853932667 -34.59403893884416)
A38: 45820.795 | B38: 0.79513889 | C38: csp_0037 | D38: https://www.google.com/maps?q=-34.5941162109375,-58.37980270385742&z=17&hl=es | J38: Verduleria | O38: 1000 | V38: no | W38: si | X38: 1 | Y38: POINT(-58.37982952583306 -34.59393953435863)
A39: 45820.796 | B39: 0.79583333 | C39: csp_0038 | D39: https://www.google.com/maps?q=-34.59412384033203,-58.37968444824219&z=17&hl=es | J39: Carniceria RES | Q39: 545 | V39: si | W39: si | X39: 1 | Y39: POINT(-58.37971122583305 -34.59394713437477)
A40: 45820.797 | B40: 0.79722222 | C40: csp_0039 | D40: https://www.google.com/maps?q=-34.594486236572266,-58.381168365478516&z=17&hl=es | J40: Fiambreria | L40: 1400 | M40: 1200 | P40: 1500 | V40: no | W40: si | X40: 1 | Y40: POINT(-58.381227412339314 -34.59430070324479)
A41: 45820.806 | B41: 0.80625 | C41: csp_0040 | D41: https://www.google.com/maps?q=-34.595272064208984,-58.39004898071289&z=17&hl=es | J41: Verduleria | O41: 1000 | V41: no | W41: si | X41: 1 | Y41: POINT(-58.39003291049102 -34.595077773181245)
A42: 45820.814 | B42: 0.81388889 | C42: csp_0041 | D42: https://www.google.com/maps?q=-34.595726013183594,-58.39558029174805&z=17&hl=es | J42: Supermercado Carrefour Market | K42: 1290 | L42: 890 | M42: 899 | N42: 1280 | O42: 600 | P42: 1278 | Q42: 13500 | V42: si | W42: si | X42: 1 | Y42: POINT(-58.395639312339405 -34.595505178928306)
A43: 45820.822 | B43: 0.82152778 | C43: csp_0042 | D43: https://www.google.com/maps?q=-34.59343338012695,-58.39544677734375&z=17&hl=es | J43: Verduleria | O43: 750 | V43: no | W43: si | X43: 1 | Y43: POINT(-58.395484354668504 -34.59323906888116)
A44: 45820.822 | B44: 0.82222222 | C44: csp_0043 | D44: https://www.google.com/maps/@-34.5934683,-58.3950078,21z?hl=es&entry=ttu&g_ep=EgoyMDI2MDMxMS4wIKXMDSoASAFQAw%3D%3D | J44: Almacen Chino | K44: 1600 | L44: 900 | M44: 1300 | N44: 1600 | O44: 1000 | P44: 1600 | V44: no | W44: si | X44: 1 | Y44: POINT( -58.39491161951106 -34.593480469021166)
A45: 45820.826 | B45: 0.82638889 | C45: csp_0044 | D45: https://www.google.com/maps/@-34.5940444,-58.3920163,21z?hl=es&entry=ttu&g_ep=EgoyMDI2MDMxMS4wIKXMDSoASAFQAw%3D%3D | J45: Verduleria | O45: 700 | V45: no | W45: si | X45: 1 | Y45: POINT(-58.39206286569123 -34.59404104867657)
A46: 45820.828 | B46: 0.82777778 | C46: csp_0045 | D46: https://www.google.com/maps?q=-34.594173431396484,-58.390567779541016&z=17&hl=es | J46: Verduleria | O46: 700 | V46: no | W46: si | X46: 1 | Y46: POINT(-58.39057316816209 -34.5940408941348)
A47: 45820.847 | B47: 0.84652778 | C47: csp_0046 | D47: https://www.google.com/maps/@-34.5927433,-58.3859499,21z?hl=es&entry=ttu&g_ep=EgoyMDI2MDMxMS4wIKXMDSoASAFQAw%3D%3D | J47: Verduleria | O47: 900 | V47: no | W47: si | X47: 1 | Y47: POINT(-58.3858986436714 -34.59276756045055)
A48: 45820.849 | B48: 0.84930556 | C48: csp_0047 | D48: https://www.google.com/maps/@-34.5928081,-58.383655,21z?hl=es&entry=ttu&g_ep=EgoyMDI2MDMxMS4wIKXMDSoASAFQAw%3D%3D | J48: Verduleria | O48: 1500 | V48: no | W48: si | X48: 1 | Y48: POINT(-58.383572137063965 -34.59277833763642)
A49: 45820.853 | B49: 0.85277778 | C49: csp_0048 | D49: https://www.google.com/maps?q=-34.59281921386719,-58.38087463378906&z=17&hl=es | J49: Almacen | L49: 1200 | M49: 1600 | N49: 3000 | O49: 1500 | V49: no | W49: si | X49: 1 | Y49: POINT(-58.380826323984714 -34.5926955240478)
A50: 45820.855 | B50: 0.85486111 | C50: csp_0049 | D50: https://www.google.com/maps?q=-34.59286880493164,-58.37950897216797&z=17&hl=es | J50: Almacen Chino | K50: 1500 | L50: 1100 | M50: 1000 | N50: 2000 | P50: 1411 | V50: no | W50: si | X50: 1 | Y50: POINT(-58.37947145282013 -34.592665635486746)
A51: 45820.858 | B51: 0.85763889 | C51: csp_0050 | D51: https://www.google.com/maps/place/Juncal+833,+C1062ABE+Cdad.+Aut%C3%B3noma+de+Buenos+Aires/@-34.5928161,-58.3791828,21z/data=!4m6!3m5!1s0x95bccab6c10e43a7:0x9da6744281d0fbdb!8m2!3d-34.5927941!4d-58.3790592!16s%2Fg%2F11dfh48dx7?hl=es&entry=ttu&g_ep=EgoyMDI2MDMxMS4wIKXMDSoASAFQAw%3D%3D | J51: Verduleria | O51: 1000 | V51: no | W51: si | X51: 1 | Y51: POINT(-58.37905910670746 -34.5927824431818)
A52: 45820.863 | B52: 0.8625 | C52: csp_0051 | D52: https://www.google.com/maps?q=-34.595916748046875,-58.37848663330078&z=17&hl=es | J52: Supermercado Carrefour Express | K52: 1290 | L52: 749 | M52: 949 | N52: 1290 | O52: 1590 | P52: 1788 | Q52: 13500 | V52: si | W52: si | X52: 1 | Y52: POINT(-58.378459781655636 -34.59576653342594)
A53: 45820.863 | B53: 0.86284722 | C53: csp_0052 | D53: https://www.google.com/maps?q=-34.596309661865234,-58.37841796875&z=17&hl=es | J53: Carniceria RES | Q53: 5450 | V53: si | W53: si | X53: 1 | Y53: POINT(-58.37846628350382 -34.59605355362885)
A54: 45820.866 | B54: 0.86597222 | C54: csp_0053 | D54: https://www.google.com/maps?q=-34.5966682434082,-58.380836486816406&z=17&hl=es | J54: Verduleria | O54: 1200 | V54: no | W54: si | X54: 1 | Y54: POINT(-58.38085259699755 -34.59652686644874)
A55: 45820.87 | B55: 0.87013889 | C55: csp_0054 | D55: https://www.google.com/maps/place/Marcelo+Torcuato+de+Alvear+1243,+C1058AAS+Cdad.+Aut%C3%B3noma+de+Buenos+Aires/@-34.5968983,-58.3850364,21z/data=!4m12!1m5!3m4!2zMzTCsDM1JzQ4LjQiUyA1OMKwMjMnMDUuNyJX!8m2!3d-34.5967751!4d-58.3849182!3m5!1s0x95bccab843ffe669:0xae79508bd3a18136!8m2!3d-34.5968551!4d-58.3848858!16s%2Fg%2F11c87kq9r3?hl=es&entry=ttu&g_ep=EgoyMDI2MDMxMS4wIKXMDSoASAFQAw%3D%3D | J55: Almacen Chino | K55: 2000 | L55: 1200 | M55: 1499 | N55: 2000 | P55: 1800 | V55: no | W55: si | X55: 1 | Y55: POINT(-58.384884525667495 -34.59684306658751)
A56: 45820.876 | B56: 0.87569444 | C56: csp_0055 | D56: https://www.google.com/maps?q=-34.597015380859375,-58.386722564697266&z=17&hl=es | J56: Almacen Chino | K56: 2500 | L56: 1800 | M56: 1700 | N56: 2500 | V56: no | W56: si | X56: 1 | Y56: POINT(-58.38674942583296 -34.59683874052231)
A57: 45820.881 | B57: 0.88125 | C57: csp_0056 | D57: https://www.google.com/maps?q=-34.597110748291016,-58.38776779174805&z=17&hl=es | J57: Supermercado Dia | K57: 1430 | L57: 540 | M57: 990 | N57: 1475 | O57: 590 | P57: 1600 | Q57: 12800 | V57: si | W57: si | X57: 1 | Y57: POINT(-58.387751710490875 -34.596969367201325)
A58: 45820.89 | B58: 0.89027778 | C58: csp_0057 | D58: https://www.google.com/maps?q=-34.596981048583984,-58.391845703125&z=17&hl=es | J58: Verduleria | O58: 1000 | V58: no | W58: si | X58: 1 | Y58: POINT(-58.39182961049093 -34.596830835349316)
A59: 45820.891 | B59: 0.89097222 | C59: csp_0058 | D59: https://www.google.com/maps?q=-34.597049713134766,-58.3918571472168&z=17&hl=es | J59: Almacen Chino | K59: 1800 | L59: 1300 | M59: 1600 | N59: 2000 | P59: 1600 | V59: no | W59: si | X59: 1 | Y59: POINT(-58.39184101049094 -34.59689070384834)
A60: 45820.895 | B60: 0.89513889 | C60: csp_0059 | D60: https://www.google.com/maps?q=-34.59523391723633,-58.39204406738281&z=17&hl=es | J60: Supermercado Carrefour Express | K60: 1290 | L60: 749 | M60: 949 | N60: 1290 | O60: 1590 | P60: 1788 | Q60: 13500 | V60: si | W60: si | X60: 1 | Y60: POINT(-58.39207092583292 -34.59507490037388)
A61: 45820.898 | B61: 0.89791667 | C61: csp_0060 | D61: https://maps.app.goo.gl/NnzZjF3J42cx8rry5 | J61: Supermercado Disco | K61: 1290 | L61: 870 | M61: 1080 | N61: 1620 | O61: 869 | P61: 1059 | Q61: 5315 | V61: si | W61: si | X61: 1 | Y61: POINT(-58.39159890397613 -34.592840347247986)
A62: 45820.904 | B62: 0.90416667 | C62: csp_0061 | D62: https://www.google.com/maps?q=-34.59260940551758,-58.39096450805664&z=17&hl=es | J62: Verduleria | O62: 800 | V62: no | W62: si | X62: 1 | Y62: POINT(-58.39095913932674 -34.59236207432891)
A63: 45820.905 | B63: 0.90486111 | C63: csp_0062 | D63: https://www.google.com/maps?q=-34.59233474731445,-58.39065933227539&z=17&hl=es | J63: Fiambreria | L63: 1400 | M63: 1500 | P63: 1700 | V63: no | W63: si | X63: 1 | Y63: POINT(-58.390686125833184 -34.59214036631195)
A64: 45820.907 | B64: 0.90694444 | C64: csp_0063 | D64: https://www.google.com/maps?q=-34.59212875366211,-58.39039993286133&z=17&hl=es | J64: Carniceria | Q64: 8500 | V64: no | W64: si | X64: 1 | Y64: POINT(-58.390480370010486 -34.59189913721304)
A65: 45820.907 | B65: 0.90729167 | C65: csp_0064 | D65: https://www.google.com/maps?q=-34.59202194213867,-58.39025115966797&z=17&hl=es | J65: Verduleria | O65: 700 | V65: no | W65: si | X65: 1 | Y65: POINT(-58.390202923984674 -34.591801069084674)
A66: 45820.908 | B66: 0.90763889 | C66: csp_0065 | D66: https://www.google.com/maps?q=-34.591915130615234,-58.39011001586914&z=17&hl=es | J66: Carniceria | Q66: 17000 | V66: no | W66: si | X66: 1 | Y66: POINT(-58.39010463932667 -34.591711933155025)
A67: 45820.908 | B67: 0.90798611 | C67: csp_0066 | D67: https://www.google.com/maps?q=-34.59193801879883,-58.3901481628418&z=17&hl=es | J67: Carniceria | Q67: 21000 | V67: no | W67: si | X67: 1 | Y67: POINT(-58.39019648350406 -34.591734833211085)
A68: 45820.908 | B68: 0.90833333 | C68: csp_0067 | D68: https://www.google.com/maps?q=-34.59187698364258,-58.39030838012695&z=17&hl=es | J68: Verduleria | O68: 4000 | V68: no | W68: si | X68: 1 | Y68: POINT(-58.39034595466865 -34.59173565830041)
A69: 45820.909 | B69: 0.90902778 | C69: csp_0068 | D69: https://www.google.com/maps?q=-34.591819763183594,-58.38996887207031&z=17&hl=es | J69: Verduleria | O69: 2000 | V69: no | W69: si | X69: 1 | Y69: POINT(-58.38994208165563 -34.59166079384194)
A70: 45820.91 | B70: 0.91041667 | C70: csp_0069 | D70: https://www.google.com/maps?q=-34.591373443603516,-58.389549255371094&z=17&hl=es | J70: Carniceria RES | Q70: 5450 | V70: si | W70: si | X70: 1 | Y70: POINT(-58.38958685466864 -34.59115256736145)
A71: 45820.912 | B71: 0.9125 | C71: csp_0070 | D71: https://www.google.com/maps?q=-34.59014892578125,-58.388126373291016&z=17&hl=es | J71: Fiambreria | P71: 725 | V71: no | W71: si | X71: 1 | Y71: POINT(-58.38813176816218 -34.589919231741334)
A72: 45820.923 | B72: 0.92291667 | C72: csp_0071 | D72: https://www.google.com/maps?q=-34.592044830322266,-58.39152145385742&z=17&hl=es | J72: Almacen | K72: 1600 | L72: 1381 | M72: 1350 | N72: 1400 | P72: 1399 | V72: no | W72: si | X72: 1 | Y72: POINT(-58.39152686816208 -34.59187696211415)
A73: 45820.926 | B73: 0.92569444 | C73: csp_0072 | D73: https://www.google.com/maps?q=-34.59115219116211,-58.39268493652344&z=17&hl=es | J73: Verduleria | O73: 725 | V73: no | W73: si | X73: 1 | Y73: POINT(-58.39263662398475 -34.59092253451398)
A74: 45820.926 | B74: 0.92638889 | C74: csp_0073 | D74: https://www.google.com/maps?q=-34.59111022949219,-58.39280319213867&z=17&hl=es | J74: Verduleria | O74: 725 | V74: no | W74: si | X74: 1 | Y74: POINT(-58.39287294117505 -34.590880534397805)
A75: 45820.927 | B75: 0.92708333 | C75: csp_0074 | D75: https://www.google.com/maps/@-34.5905887,-58.3932738,21z?hl=es&entry=ttu&g_ep=EgoyMDI2MDMxMS4wIKXMDSoASAFQAw%3D%3D | J75: Supermercado Carrefour Express | K75: 1290 | L75: 749 | M75: 949 | N75: 1290 | O75: 1590 | P75: 1788 | Q75: 13500 | V75: si | W75: si | X75: 1 | Y75: POINT(-58.39314941110279 -34.59060088690933)
A76: 45820.929 | B76: 0.92916667 | C76: csp_0075 | D76: https://www.google.com/maps?q=-34.59097671508789,-58.39504623413086&z=17&hl=es | J76: Almacen Chino | K76: 2200 | L76: 1000 | M76: 1400 | N76: 2300 | O76: 1500 | P76: 2700 | V76: no | W76: si | X76: 1 | Y76: POINT(-58.394997923984896 -34.59080002768448)
K77: leche | L77: harina | M77: azucar | N77: arroz | O77: papa | P77: fiambre/jc | Q77: carne pic
A78: 46002 | B78: 0.69861111 | C78: csp_0076 | D78: https://www.google.com/maps/place/Carnicer%C3%ADa+Rub%C3%A9n/@-34.5895037,-58.394738,21z/data=!4m6!3m5!1s0x95bcca987766253f:0x9a08e33acc0fc017!8m2!3d-34.589303!4d-58.394544!16s%2Fg%2F11b6v4jlsn?hl=es&entry=ttu&g_ep=EgoyMDI2MDMxMS4wIKXMDSoASAFQAw%3D%3D | J78: Verduleria | O78: 1200 | V78: no | W78: si | X78: 2 | Y78: POINT(-58.39462362708994 -34.589355170420546)
A79: 46002 | B79: 0.7 | C79: csp_0077 | D79: https://www.google.com/maps/place/34%C2%B035'23.0%22S+58%C2%B023'40.3%22W/@-34.5897331,-58.3971023,17z/data=!3m1!4b1!4m4!3m3!8m2!3d-34.5897331!4d-58.3945274?hl=es&entry=ttu&g_ep=EgoyMDI2MDMwOC4wIKXMDSoASAFQAw%3D%3D | J79: Almacen Chino | K79: 1500 | L79: 1200 | M79: 1500 | N79: 1500 | P79: 1800 | V79: no | W79: si | X79: 2 | Y79: POINT(-58.394527 -34.589733)
A80: 46002 | B80: 0.70277778 | C80: csp_0078 | D80: https://www.google.com/maps?q=-34.589942932128906,-58.39411926269531&z=17&hl=es | J80: Carniceria RES | Q80: 13900 | V80: si | W80: si | X80: 2 | Y80: POINT(-58.394119 -34.589943)
A81: 46002 | B81: 0.70972222 | C81: csp_0079 | D81: https://www.google.com/maps?q=-34.59031295776367,-58.39366912841797&z=17&hl=es | J81: Fiambreria | P81: 3000 | V81: no | W81: si | X81: 2 | Y81: POINT(-58.393669 -34.590313)
A82: 46002 | B82: 0.71180556 | C82: csp_0080 | D82: https://www.google.com/maps?q=-34.59075164794922,-58.39310073852539&z=17&hl=es | J82: Verduleria | O82: 1000 | V82: no | W82: si | X82: 2 | Y82: POINT(-58.393101 -34.590752)
A83: 46002 | B83: 0.71319444 | C83: csp_0081 | D83: https://www.google.com/maps?q=-34.59121322631836,-58.39257049560547&z=17&hl=es | J83: Verduleria | O83: =1500/2 -> 750 | V83: no | W83: si | X83: 2 | Y83: POINT(-58.392571 -34.591213)
A84: 46002 | B84: 0.71527778 | C84: csp_0082 | D84: https://www.google.com/maps?q=-34.59210205078125,-58.39177703857422&z=17&hl=es | J84: Almacen Chino | K84: 1600 | L84: 1050 | M84: 1550 | N84: 1600 | P84: =14000/10 -> 1400 | V84: no | W84: si | X84: 2 | Y84: POINT(-58.391777 -34.592102)
A85: 46002 | B85: 0.71875 | C85: csp_0083 | D85: https://www.google.com/maps?q=-34.592506408691406,-58.39102554321289&z=17&hl=es | J85: Carniceria RES | Q85: 13900 | V85: si | W85: si | X85: 2 | Y85: POINT(-58.391026 -34.592506)
A86: 46002 | B86: 0.72152778 | C86: csp_0084 | D86: https://www.google.com/maps?q=-34.59082794189453,-58.39295196533203&z=17&hl=es | J86: Supermercado Carrefour Express | K86: 1190 | L86: 975 | M86: 999 | N86: 1190 | O86: 1500 | P86: =3300/3*2 -> 2200 | Q86: 13990 | V86: si | W86: si | X86: 2 | Y86: POINT(-58.392952 -34.590828)
A87: 46002 | B87: 0.7375 | C87: csp_0085 | D87: https://www.google.com/maps?q=-34.5910758972168,-58.390586853027344&z=17&hl=es | J87: Verduleria | O87: 1000 | V87: no | W87: si | X87: 2 | Y87: POINT(-58.390587 -34.591076)
A88: 46002 | B88: 0.73819444 | C88: csp_0086 | D88: https://www.google.com/maps?q=-34.59125900268555,-58.39048385620117&z=17&hl=es | J88: Almacen Chino | K88: 1900 | L88: 1200 | M88: 1800 | N88: 3000 | Q88: 10000 | V88: no | W88: si | X88: 2 | Y88: POINT(-58.390484 -34.591259)
A89: 46002 | B89: 0.74097222 | C89: csp_0087 | D89: https://www.google.com/maps?q=-34.59193801879883,-58.389732360839844&z=17&hl=es | J89: Supermercado Carrefour Market | K89: 1190 | L89: 975 | M89: 999 | N89: 1190 | O89: 1500 | P89: =3300/3*2 -> 2200 | Q89: 13990 | V89: si | W89: si | X89: 2 | Y89: POINT(-58.389732 -34.591938)
A90: 46002 | B90: 0.75 | C90: csp_0088 | D90: https://www.google.com/maps?q=-34.58756637573242,-58.38724136352539&z=17&hl=es | J90: Almacen | K90: 2900 | L90: 1300 | M90: 2000 | N90: 5200 | V90: no | W90: si | X90: 2 | Y90: POINT(-58.387241 -34.587566)
A91: 46002 | B91: 0.76111111 | C91: csp_0089 | D91: https://www.google.com/maps?q=-34.59189224243164,-58.38420104980469&z=17&hl=es | J91: Almacen | K91: 2200 | L91: 2200 | M91: 2000 | O91: 2000 | V91: no | W91: si | X91: 2 | Y91: POINT(-58.384201 -34.591892)
A92: 46002 | B92: 0.76319444 | C92: csp_0090 | D92: https://www.google.com/maps?q=-34.59242630004883,-58.384403228759766&z=17&hl=es | J92: Almacen Chino | K92: 1900 | L92: 1300 | M92: 1500 | N92: 2800 | O92: 1500 | P92: 1500 | V92: no | W92: si | X92: 2 | Y92: POINT(-58.384403 -34.592426)
A93: 46002 | B93: 0.77638889 | C93: csp_0091 | D93: https://www.google.com/maps?q=-34.58757019042969,-58.38422775268555&z=17&hl=es | J93: Almacen Chino | K93: 2300 | L93: 2300 | M93: 2000 | N93: 5000 | P93: =23000/10 -> 2300 | V93: no | W93: si | X93: 2 | Y93: POINT(-58.384228 -34.587570)
A94: 46002 | B94: 0.77986111 | C94: csp_0092 | D94: https://www.google.com/maps?q=-34.58774948120117,-58.38578796386719&z=17&hl=es | J94: Almacen | M94: 1600 | N94: 4000 | O94: 1500 | V94: no | W94: si | X94: 2 | Y94: POINT(-58.385788 -34.587750)
A95: 46002 | B95: 0.78472222 | C95: csp_0093 | D95: https://www.google.com/maps?q=-34.59028244018555,-58.388267517089844&z=17&hl=es | J95: Fiambreria | P95: =1500/2 -> 750 | V95: no | W95: si | X95: 2 | Y95: POINT(-58.388268 -34.590282)
A96: 46002 | B96: 0.78680556 | C96: csp_0094 | D96: https://www.google.com/maps?q=-34.59125518798828,-58.3893928527832&z=17&hl=es | J96: Carniceria RES | Q96: 13900 | V96: si | W96: si | X96: 2 | Y96: POINT(-58.389393 -34.591255)
A97: 46002 | B97: 0.79027778 | C97: csp_0095 | D97: https://www.google.com/maps?q=-34.59230422973633,-58.392173767089844&z=17&hl=es | J97: Supermercado Carrefour Express | K97: 1190 | L97: 975 | M97: 999 | N97: 1190 | O97: 1500 | P97: =3300/3*2 -> 2200 | Q97: 13990 | V97: si | W97: si | X97: 2 | Y97: POINT(-58.392174 -34.592304)
A98: 46002 | B98: 0.8 | C98: csp_0096 | D98: https://www.google.com/maps?q=-34.58652114868164,-58.38648223876953&z=17&hl=es | J98: Almacen | L98: 900 | M98: 1800 | O98: 1500 | V98: no | W98: si | X98: 2 | Y98: POINT(-58.386482 -34.586521)
A99: 46002 | B99: 0.80138889 | C99: csp_0097 | D99: https://www.google.com/maps?q=-34.5859489440918,-58.38724136352539&z=17&hl=es | J99: Verduleria | O99: 2000 | V99: no | W99: si | X99: 2 | Y99: POINT(-58.387241 -34.585949)
A100: 46002 | B100: 0.80972222 | C100: csp_0098 | D100: https://www.google.com/maps?q=-34.59074783325195,-58.3927001953125&z=17&hl=es | J100: Almacen Chino | L100: 1300 | M100: 1500 | V100: no | W100: si | X100: 2 | Y100: POINT(-58.395897 -34.590088)
...

Sheet solapados_tanda1y2
A1: fecha_hora_cest | B1: marca_temp_CEST | C1: id_comercio | D1: link | E1: sector_bm | F1: Calle | G1: Altura | H1: direccion | I1: ID_direcciones | J1: Rubro | K1: leche | L1: harina | M1: azucar | N1: arroz | O1: papa | P1: fiambre/jc | Q1: carne pic | R1: ¿Cuáles son los principales factores que encarecen los productos que vendés? | S1: Inquilino/ Propietario | T1: Alquiler | U1: Dificultades para abastecerse, otros comentarios | V1: cadena | W1: relevado | X1: tanda | Y1: geometry | Z1: numero real
A2: 45820.751 | B2: 0.75069444 | C2: csp_0029 | D2: https://maps.google.com/maps?q=-34.586002349853516%2C-58.387351989746094&z=17&hl=es | J2: Verduleria | O2: 1333 | V2: no | W2: si | X2: 1 | Y2: POINT(-58.38738955466894 -34.58580795150509)
A3: 46002 | B3: 0.80138889 | C3: csp_0097 | D3: https://www.google.com/maps?q=-34.5859489440918,-58.38724136352539&z=17&hl=es | J3: Verduleria | O3: 2000 | V3: no | W3: si | X3: 2 | Y3: POINT(-58.387241 -34.585949)
O4: =O2/O3 -> 0.6665
A5: 45820.746 | B5: 0.74583333 | C5: csp_0028 | D5: https://maps.google.com/maps?q=-34.58771896362305%2C-58.38430404663086&z=17&hl=es | J5: Almacen Chino | K5: 1400 | L5: 2000 | M5: 2000 | N5: 4000 | P5: 2136 | V5: no | W5: si | X5: 1 | Y5: POINT(-58.384298639326836 -34.587533488139755)
A6: 46002 | B6: 0.77638889 | C6: csp_0091 | D6: https://www.google.com/maps?q=-34.58757019042969,-58.38422775268555&z=17&hl=es | J6: Almacen Chino | K6: 2300 | L6: 2300 | M6: 2000 | N6: 5000 | P6: =23000/10 -> 2300 | V6: no | W6: si | X6: 2 | Y6: POINT(-58.384228 -34.587570)
K7: =K5/K6 -> 0.60869565 | L7: =L5/L6 -> 0.86956522 | M7: =M5/M6 -> 1 | N7: =N5/N6 -> 0.8 | P7: =P5/P6 -> 0.92869565
A8: 45820.912 | B8: 0.9125 | C8: csp_0070 | D8: https://www.google.com/maps?q=-34.59014892578125,-58.388126373291016&z=17&hl=es | J8: Fiambreria | P8: 725 | V8: no | W8: si | X8: 1 | Y8: POINT(-58.38813176816218 -34.589919231741334)
A9: 46002 | B9: 0.78472222 | C9: csp_0093 | D9: https://www.google.com/maps?q=-34.59028244018555,-58.388267517089844&z=17&hl=es | J9: Fiambreria | P9: =1500/2 -> 750 | V9: no | W9: si | X9: 2 | Y9: POINT(-58.388268 -34.590282)
P10: =P8/P9 -> 0.96666667
A11: 45820.76 | B11: 0.75972222 | C11: csp_0031 | D11: https://maps.google.com/maps?q=-34.5875244140625%2C-58.38737106323242&z=17&hl=es | J11: Kiosco Mini Market | K11: 2100 | L11: 1200 | M11: 2000 | N11: 5200 | U11: (U marca de cada producto, y pocos ejemplares por producto. muy poco provisto) | V11: no | W11: si | X11: 1 | Y11: POINT(-58.38743011233964 -34.58733888770553)
A12: 46002 | B12: 0.75 | C12: csp_0088 | D12: https://www.google.com/maps?q=-34.58756637573242,-58.38724136352539&z=17&hl=es | J12: Almacen | K12: 2900 | L12: 1300 | M12: 2000 | N12: 5200 | V12: no | W12: si | X12: 2 | Y12: POINT(-58.387241 -34.587566)
K13: =K11/K12 -> 0.72413793 | L13: =L11/L12 -> 0.92307692 | M13: =M11/M12 -> 1 | N13: =N11/N12 -> 1
A14: 45820.91 | B14: 0.91041667 | C14: csp_0069 | D14: https://www.google.com/maps?q=-34.591373443603516,-58.389549255371094&z=17&hl=es | J14: Carniceria RES | Q14: 5450 | V14: si | W14: si | X14: 1 | Y14: POINT(-58.38958685466864 -34.59115256736145)
A15: 46002 | B15: 0.78680556 | C15: csp_0094 | D15: https://www.google.com/maps?q=-34.59125518798828,-58.3893928527832&z=17&hl=es | J15: Carniceria RES | Q15: 13900 | V15: si | W15: si | X15: 2 | Y15: POINT(-58.389393 -34.591255)
Q16: =Q14/Q15 -> 0.39208633
A17: 45820.923 | B17: 0.92291667 | C17: csp_0071 | D17: https://www.google.com/maps?q=-34.592044830322266,-58.39152145385742&z=17&hl=es | J17: Almacen | K17: 1600 | L17: 1381 | M17: 1350 | N17: 1400 | P17: 1399 | V17: no | W17: si | X17: 1 | Y17: POINT(-58.39152686816208 -34.59187696211415)
A18: 46002 | B18: 0.71527778 | C18: csp_0082 | D18: https://www.google.com/maps?q=-34.59210205078125,-58.39177703857422&z=17&hl=es | J18: Almacen Chino | K18: 1600 | L18: 1050 | M18: 1550 | N18: 1600 | P18: =14000/10 -> 1400 | V18: no | W18: si | X18: 2 | Y18: POINT(-58.391777 -34.592102)
K19: =K17/K18 -> 1 | L19: =L17/L18 -> 1.3152381 | M19: =M17/M18 -> 0.87096774 | N19: =N17/N18 -> 0.875 | P19: =P17/P18 -> 0.99928571
A20: 45820.926 | B20: 0.92569444 | C20: csp_0072 | D20: https://www.google.com/maps?q=-34.59115219116211,-58.39268493652344&z=17&hl=es | J20: Verduleria | O20: 725 | V20: no | W20: si | X20: 1 | Y20: POINT(-58.39263662398475 -34.59092253451398)
A21: 46002 | B21: 0.71319444 | C21: csp_0081 | D21: https://www.google.com/maps?q=-34.59121322631836,-58.39257049560547&z=17&hl=es | J21: Verduleria | O21: =1500/2 -> 750 | V21: no | W21: si | X21: 2 | Y21: POINT(-58.392571 -34.591213)
O22: =O20/O21 -> 0.96666667
A23: 45820.926 | B23: 0.92638889 | C23: csp_0073 | D23: https://www.google.com/maps?q=-34.59111022949219,-58.39280319213867&z=17&hl=es | J23: Verduleria | O23: 725 | V23: no | W23: si | X23: 1 | Y23: POINT(-58.39287294117505 -34.590880534397805)
A24: 46002 | B24: 0.71180556 | C24: csp_0080 | D24: https://www.google.com/maps?q=-34.59075164794922,-58.39310073852539&z=17&hl=es | J24: Verduleria | O24: 1000 | V24: no | W24: si | X24: 2 | Y24: POINT(-58.393101 -34.590752)
O25: =O23/O24 -> 0.725
A26: 45820.847 | B26: 0.84652778 | C26: csp_0046 | D26: https://www.google.com/maps?q=-34.592796325683594,-58.385894775390625&z=17&hl=es | J26: Verduleria | O26: 900 | V26: no | W26: si | X26: 1 | Y26: POINT(-58.38591089699757 -34.59260196739151)
A27: 46002 | B27: 0.84375 | C27: csp_0104 | D27: https://www.google.com/maps?q=-34.59281921386719,-58.38582229614258&z=17&hl=es | J27: Verduleria | O27: 1500 | V27: no | W27: si | X27: 2 | Y27: POINT(-58.385822 -34.592819)
A38: ELIMINAR 1005 Y 1006
L39: MEDIANA 12/06/25 A 11/12/25 | P39: =MEDIAN(Q39:Q57) -> 0.92307692 | Q39: =O4 -> 0.6665
Q40: {=TRANSPOSE(K7:N7)} -> 0.60869565
Q41: 0.86956522
Q42: 1
Q43: 0.8
Q44: =P7 -> 0.92869565
Q45: =P10 -> 0.96666667
Q46: {=TRANSPOSE(K13:N13)} -> 0.72413793
Q47: 0.92307692
Q48: 1
Q49: 1
Q50: =Q16 -> 0.39208633
Q51: {=TRANSPOSE(K19:N19)} -> 1
Q52: 1.3152381
Q53: 0.87096774
Q54: 0.875
Q55: =P19 -> 0.99928571
Q56: =O22 -> 0.96666667
Q57: =O25 -> 0.725

Sheet Hoja3
A1: POINT(-58.394901 -34.589634)
A2: POINT(-58.394527 -34.589733)
A3: -34.589943, -58.394119 | B3: =CONCATENATE("POINT(",RIGHT(A3,10), " ",LEFT(A3,10),")") -> POINT(-58.394119 -34.589943)
A4: -34.590313, -58.393669 | B4: =CONCATENATE("POINT(",RIGHT(A4,10), " ",LEFT(A4,10),")") -> POINT(-58.393669 -34.590313)
A5: -34.590752, -58.393101 | B5: =CONCATENATE("POINT(",RIGHT(A5,10), " ",LEFT(A5,10),")") -> POINT(-58.393101 -34.590752)
A6: -34.591213, -58.392571 | B6: =CONCATENATE("POINT(",RIGHT(A6,10), " ",LEFT(A6,10),")") -> POINT(-58.392571 -34.591213)
A7: -34.592102, -58.391777 | B7: =CONCATENATE("POINT(",RIGHT(A7,10), " ",LEFT(A7,10),")") -> POINT(-58.391777 -34.592102)
A8: -34.592506, -58.391026 | B8: =CONCATENATE("POINT(",RIGHT(A8,10), " ",LEFT(A8,10),")") -> POINT(-58.391026 -34.592506)
A9: -34.590828, -58.392952 | B9: =CONCATENATE("POINT(",RIGHT(A9,10), " ",LEFT(A9,10),")") -> POINT(-58.392952 -34.590828)
A10: -34.591076, -58.390587 | B10: =CONCATENATE("POINT(",RIGHT(A10,10), " ",LEFT(A10,10),")") -> POINT(-58.390587 -34.591076)
A11: -34.591259, -58.390484 | B11: =CONCATENATE("POINT(",RIGHT(A11,10), " ",LEFT(A11,10),")") -> POINT(-58.390484 -34.591259)
A12: -34.591938, -58.389732 | B12: =CONCATENATE("POINT(",RIGHT(A12,10), " ",LEFT(A12,10),")") -> POINT(-58.389732 -34.591938)
A13: -34.587566, -58.387241 | B13: =CONCATENATE("POINT(",RIGHT(A13,10), " ",LEFT(A13,10),")") -> POINT(-58.387241 -34.587566)
A14: -34.591892, -58.384201 | B14: =CONCATENATE("POINT(",RIGHT(A14,10), " ",LEFT(A14,10),")") -> POINT(-58.384201 -34.591892)
... A31: -34.588848, -58.383034 | B31: =CONCATENATE("POINT(",RIGHT(A31,10), " ",LEFT(A31,10),")") -> POINT(-58.383034 -34.588848)

Sheet Hoja2
A1: {=_xlfn.UNIQUE(limpieza_datos!J2:J76)} -> Supermercado Carrefour Express
A2: Carniceria RES
A3: Almacen
A4: Almacen Chino
A5: Carniceria Fiambreria
A6: Verduleria
A7: Supermercado Dia
A8: Fiambreria
A9: Kiosco Mini Market
A10: Supermercado Disco
A11: Supermercado Jumbo
A12: Supermercado Carrefour Market
A13: Carniceria
